x,y
96,0
96,1
96,2
96,3
96,4
96,5
96,6
96,7
96,8
96,9
96,10
96,11
96,12
96,13
96,14
96,15
96,16
96,17
96,18
96,19
96,20
96,21
96,22
96,23
96,24
96,25
96,26
96,27
96,28
96,29
96,30
96,31
96,32
96,33
96,34
96,35
96,36
96,37
96,38
96,39
96,40
96,41
96,42
96,43
96,44
96,45
96,46
96,47
96,48
96,49
96,50
96,51
96,52
96,53
96,54
96,55
96,56
96,57
96,58
96,59
96,60
96,61
96,62
96,63
96,64
96,65
96,66
96,67
96,68
96,69
96,70
96,71
96,72
96,73
96,74
96,75
96,76
96,77
96,78
96,79
96,80
96,81
96,82
96,83
96,84
96,85
96,86
96,87
96,88
96,89
96,90
96,91
96,92
96,93
96,94
96,95
96,96
96,97
96,98
96,99
96,100
96,101
96,102
96,103
96,104
96,105
96,106
96,107
96,108
96,109
96,110
96,111
96,112
96,113
96,114
96,115
96,116
96,117
96,118
96,119
96,120
96,121
96,122
96,123
96,124
96,125
96,126
96,127
96,128
96,129
96,130
96,131
96,132
96,133
96,134
96,135
96,136
96,137
96,138
96,139
96,140
96,141
96,142
96,143
96,144
96,145
96,146
96,147
96,148
96,149
96,150
96,151
96,152
96,153
96,154
96,155
96,156
96,157
96,158
96,159
96,160
96,161
96,162
96,163
96,164
96,165
96,166
96,167
96,168
96,169
96,170
96,171
96,172
96,173
96,174
96,175
96,176
96,177
96,178
96,179
96,180
96,181
96,182
96,183
96,184
96,185
96,186
96,187
96,188
96,189
96,190
96,191
96,192
96,193
96,194
96,195
96,196
96,197
96,198
96,199
96,200
96,201
96,202
96,203
96,204
96,205
96,206
96,207
96,208
96,209
96,210
96,211
96,212
96,213
96,214
96,215
96,216
96,217
96,218
96,219
96,220
96,221
96,222
96,223
96,224
96,225
96,226
96,227
96,228
96,229
96,230
96,231
96,232
96,233
96,234
96,235
96,236
96,237
96,238
96,239
96,240
96,241
96,242
96,243
96,244
96,245
96,246
96,247
96,248
96,249
96,250
96,251
96,252
96,253
96,254
96,255
96,256
96,257
96,258
96,259
96,260
96,261
96,262
96,263
96,264
96,265
96,266
96,267
96,268
96,269
96,270
96,271
96,272
96,273
96,274
96,275
96,276
96,277
96,278
96,279
96,280
96,281
96,282
96,283
96,284
96,285
96,286
96,287
96,288
96,289
96,290
96,291
96,292
96,293
96,294
96,295
96,296
96,297
96,298
96,299
96,300
96,301
96,302
96,303
96,304
96,305
96,306
96,307
96,308
96,309
96,310
96,311
96,312
96,313
96,314
96,315
96,316
96,317
96,318
96,319
96,320
96,321
96,322
96,323
96,324
96,325
96,326
96,327
96,328
96,329
96,330
96,331
96,332
96,333
96,334
96,335
96,336
96,337
96,338
96,339
96,340
96,341
96,342
96,343
96,344
96,345
96,346
96,347
96,348
96,349
96,350
96,351
96,352
96,353
96,354
96,355
96,356
96,357
96,358
96,359
96,360
96,361
96,362
96,363
96,364
96,365
96,366
96,367
96,368
96,369
96,370
96,371
96,372
96,373
96,374
96,375
96,376
96,377
96,378
96,379
96,380
96,381
96,382
96,383
96,384
96,385
96,386
96,387
96,388
96,389
96,390
96,391
96,392
96,393
96,394
96,395
96,396
96,397
96,398
96,399
96,400
96,401
96,402
96,403
96,404
96,405
96,406
96,407
96,408
96,409
96,410
96,411
96,412
96,413
96,414
96,415
96,416
96,417
96,418
96,419
96,420
96,421
96,422
96,423
96,424
96,425
96,426
96,427
96,428
96,429
96,430
96,431
96,432
96,433
96,434
96,435
96,436
96,437
96,438
96,439
96,440
96,441
96,442
96,443
96,444
96,445
96,446
96,447
96,448
96,449
96,450
96,451
96,452
96,453
96,454
96,455
96,456
96,457
96,458
96,459
96,460
96,461
96,462
96,463
96,464
96,465
96,466
96,467
96,468
96,469
96,470
96,471
96,472
96,473
96,474
96,475
96,476
96,477
96,478
96,479
96,480
96,481
96,482
96,483
96,484
96,485
96,486
96,487
96,488
96,489
96,490
96,491
96,492
96,493
96,494
96,495
96,496
96,497
96,498
96,499
96,500
96,501
96,502
96,503
96,504
96,505
96,506
96,507
96,508
96,509
96,510
96,511
96,512
96,513
96,514
96,515
96,516
96,517
96,518
96,519
96,520
96,521
96,522
96,523
96,524
96,525
96,526
96,527
96,528
96,529
96,530
96,531
96,532
96,533
96,534
96,535
96,536
96,537
96,538
96,539
96,540
96,541
96,542
96,543
96,544
96,545
96,546
96,547
96,548
96,549
96,550
96,551
96,552
96,553
96,554
96,555
96,556
96,557
96,558
96,559
96,560
96,561
96,562
96,563
96,564
96,565
96,566
96,567
96,568
96,569
96,570
96,571
96,572
96,573
96,574
96,575
96,576
96,577
96,578
96,579
96,580
96,581
96,582
96,583
96,584
96,585
96,586
96,587
96,588
96,589
96,590
96,591
96,592
96,593
96,594
96,595
96,596
96,597
96,598
96,599
96,600
96,601
96,602
96,603
96,604
96,605
96,606
96,607
96,608
96,609
96,610
96,611
96,612
96,613
96,614
96,615
96,616
96,617
96,618
96,619
96,620
96,621
96,622
96,623
96,624
96,625
96,626
96,627
96,628
96,629
96,630
96,631
96,632
96,633
96,634
96,635
96,636
96,637
96,638
96,639
96,640
96,641
96,642
96,643
96,644
96,645
96,646
96,647
96,648
96,649
96,650
96,651
96,652
96,653
96,654
96,655
96,656
96,657
96,658
96,659
96,660
96,661
96,662
96,663
96,664
96,665
96,666
96,667
96,668
96,669
96,670
96,671
96,672
96,673
96,674
96,675
96,676
96,677
96,678
96,679
96,680
96,681
96,682
96,683
96,684
96,685
96,686
96,687
96,688
96,689
96,690
96,691
96,692
96,693
96,694
96,695
96,696
96,697
96,698
96,699
96,700
96,701
96,702
96,703
96,704
96,705
96,706
96,707
96,708
96,709
96,710
96,711
96,712
96,713
96,714
96,715
96,716
96,717
96,718
96,719
96,720
96,721
96,722
96,723
96,724
96,725
96,726
96,727
96,728
96,729
96,730
96,731
96,732
96,733
96,734
96,735
96,736
96,737
96,738
96,739
96,740
96,741
96,742
96,743
96,744
96,745
96,746
96,747
96,748
96,749
96,750
96,751
96,752
96,753
96,754
96,755
96,756
96,757
96,758
96,759
96,760
96,761
96,762
96,763
96,764
96,765
96,766
96,767
96,768
96,769
96,770
96,771
96,772
96,773
96,774
96,775
96,776
96,777
96,778
96,779
96,780
96,781
96,782
96,783
96,784
96,785
96,786
96,787
96,788
96,789
96,790
96,791
96,792
96,793
96,794
96,795
96,796
96,797
96,798
96,799
96,800
96,801
96,802
96,803
96,804
96,805
96,806
96,807
96,808
96,809
96,810
96,811
96,812
96,813
96,814
96,815
96,816
96,817
96,818
96,819
96,820
96,821
96,822
96,823
96,824
96,825
96,826
96,827
96,828
96,829
96,830
96,831
96,832
96,833
96,834
96,835
96,836
96,837
96,838
96,839
96,840
96,841
96,842
96,843
96,844
96,845
96,846
96,847
96,848
96,849
96,850
96,851
96,852
96,853
96,854
96,855
96,856
96,857
96,858
96,859
96,860
96,861
96,862
96,863
96,864
96,865
96,866
96,867
96,868
96,869
96,870
96,871
96,872
96,873
96,874
96,875
96,876
96,877
96,878
96,879
96,880
96,881
96,882
96,883
96,884
96,885
96,886
96,887
96,888
96,889
96,890
96,891
96,892
96,893
96,894
96,895
96,896
96,897
96,898
96,899
96,900
96,901
96,902
96,903
96,904
96,905
96,906
96,907
96,908
96,909
96,910
96,911
96,912
96,913
96,914
96,915
96,916
96,917
96,918
96,919
96,920
96,921
96,922
96,923
96,924
96,925
96,926
96,927
96,928
96,929
96,930
96,931
96,932
96,933
96,934
96,935
96,936
96,937
96,938
96,939
96,940
96,941
96,942
96,943
96,944
96,945
96,946
96,947
96,948
96,949
96,950
96,951
96,952
96,953
96,954
96,955
96,956
96,957
96,958
96,959
96,960
96,961
96,962
96,963
96,964
96,965
96,966
96,967
96,968
96,969
96,970
96,971
96,972
96,973
96,974
96,975
96,976
96,977
96,978
96,979
96,980
96,981
96,982
96,983
96,984
96,985
96,986
96,987
96,988
96,989
96,990
96,991
96,992
96,993
96,994
96,995
96,996
96,997
96,998
96,999
96,1000
96,1001
96,1002
96,1003
96,1004
96,1005
96,1006
96,1007
96,1008
96,1009
96,1010
96,1011
96,1012
96,1013
96,1014
96,1015
96,1016
96,1017
96,1018
96,1019
96,1020
96,1021
96,1022
96,1023
96,1024
96,1025
96,1026
96,1027
96,1028
96,1029
96,1030
96,1031
96,1032
96,1033
96,1034
96,1035
96,1036
96,1037
96,1038
96,1039
96,1040
96,1041
96,1042
96,1043
96,1044
96,1045
96,1046
96,1047
96,1048
96,1049
96,1050
96,1051
96,1052
96,1053
96,1054
96,1055
96,1056
96,1057
96,1058
96,1059
96,1060
96,1061
96,1062
96,1063
96,1064
96,1065
96,1066
96,1067
96,1068
96,1069
96,1070
96,1071
96,1072
96,1073
96,1074
96,1075
96,1076
96,1077
96,1078
96,1079
96,1080
96,1081
96,1082
96,1083
96,1084
96,1085
96,1086
96,1087
96,1088
96,1089
96,1090
96,1091
96,1092
96,1093
96,1094
96,1095
96,1096
96,1097
96,1098
96,1099
96,1100
96,1101
96,1102
96,1103
96,1104
96,1105
96,1106
96,1107
96,1108
96,1109
96,1110
96,1111
96,1112
96,1113
96,1114
96,1115
96,1116
96,1117
96,1118
96,1119
96,1120
96,1121
96,1122
96,1123
96,1124
96,1125
96,1126
96,1127
96,1128
96,1129
96,1130
96,1131
96,1132
96,1133
96,1134
96,1135
96,1136
96,1137
96,1138
96,1139
96,1140
96,1141
96,1142
96,1143
96,1144
96,1145
96,1146
96,1147
96,1148
96,1149
96,1150
96,1151
96,1152
96,1153
96,1154
96,1155
96,1156
96,1157
96,1158
96,1159
96,1160
96,1161
96,1162
96,1163
96,1164
96,1165
96,1166
96,1167
96,1168
96,1169
96,1170
96,1171
96,1172
96,1173
96,1174
96,1175
96,1176
96,1177
96,1178
96,1179
96,1180
96,1181
96,1182
96,1183
96,1184
96,1185
96,1186
96,1187
96,1188
96,1189
96,1190
96,1191
96,1192
96,1193
96,1194
96,1195
96,1196
96,1197
96,1198
96,1199
96,1200
96,1201
96,1202
96,1203
96,1204
96,1205
96,1206
96,1207
96,1208
96,1209
96,1210
96,1211
96,1212
96,1213
96,1214
96,1215
96,1216
96,1217
96,1218
96,1219
96,1220
96,1221
96,1222
96,1223
96,1224
96,1225
96,1226
96,1227
96,1228
96,1229
96,1230
96,1231
96,1232
96,1233
96,1234
96,1235
96,1236
96,1237
96,1238
96,1239
96,1240
96,1241
96,1242
96,1243
96,1244
96,1245
96,1246
96,1247
96,1248
96,1249
96,1250
96,1251
96,1252
96,1253
96,1254
96,1255
96,1256
96,1257
96,1258
96,1259
96,1260
96,1261
96,1262
96,1263
96,1264
96,1265
96,1266
96,1267
96,1268
96,1269
96,1270
96,1271
96,1272
96,1273
96,1274
96,1275
96,1276
96,1277
96,1278
96,1279
96,1280
96,1281
96,1282
96,1283
96,1284
96,1285
96,1286
96,1287
96,1288
96,1289
96,1290
96,1291
96,1292
96,1293
96,1294
96,1295
96,1296
96,1297
96,1298
96,1299
96,1300
96,1301
96,1302
96,1303
96,1304
96,1305
96,1306
96,1307
96,1308
96,1309
96,1310
96,1311
96,1312
96,1313
96,1314
96,1315
96,1316
96,1317
96,1318
96,1319
96,1320
96,1321
96,1322
96,1323
96,1324
96,1325
96,1326
96,1327
96,1328
96,1329
96,1330
96,1331
96,1332
96,1333
96,1334
96,1335
96,1336
96,1337
96,1338
96,1339
96,1340
96,1341
96,1342
96,1343
96,1344
96,1345
96,1346
96,1347
96,1348
96,1349
96,1350
96,1351
96,1352
96,1353
96,1354
96,1355
96,1356
96,1357
96,1358
96,1359
96,1360
96,1361
96,1362
96,1363
96,1364
96,1365
96,1366
96,1367
96,1368
96,1369
96,1370
96,1371
96,1372
96,1373
96,1374
96,1375
96,1376
96,1377
96,1378
96,1379
96,1380
96,1381
96,1382
96,1383
96,1384
96,1385
96,1386
96,1387
96,1388
96,1389
96,1390
96,1391
96,1392
96,1393
96,1394
96,1395
96,1396
96,1397
96,1398
96,1399
96,1400
96,1401
96,1402
96,1403
96,1404
96,1405
96,1406
96,1407
96,1408
96,1409
96,1410
96,1411
96,1412
96,1413
96,1414
96,1415
96,1416
96,1417
96,1418
96,1419
96,1420
96,1421
96,1422
96,1423
96,1424
96,1425
96,1426
96,1427
96,1428
96,1429
96,1430
96,1431
96,1432
96,1433
96,1434
96,1435
96,1436
96,1437
96,1438
96,1439
96,1440
96,1441
96,1442
96,1443
96,1444
96,1445
96,1446
96,1447
96,1448
96,1449
96,1450
96,1451
96,1452
96,1453
96,1454
96,1455
96,1456
96,1457
96,1458
96,1459
96,1460
96,1461
96,1462
96,1463
96,1464
96,1465
96,1466
96,1467
96,1468
96,1469
96,1470
96,1471
96,1472
96,1473
96,1474
96,1475
96,1476
96,1477
96,1478
96,1479
96,1480
96,1481
96,1482
96,1483
96,1484
96,1485
96,1486
96,1487
96,1488
96,1489
96,1490
96,1491
96,1492
96,1493
96,1494
96,1495
96,1496
96,1497
96,1498
96,1499
96,1500
96,1501
96,1502
96,1503
96,1504
96,1505
96,1506
96,1507
96,1508
96,1509
96,1510
96,1511
96,1512
96,1513
96,1514
96,1515
96,1516
96,1517
96,1518
96,1519
96,1520
96,1521
96,1522
96,1523
96,1524
96,1525
96,1526
96,1527
96,1528
96,1529
96,1530
96,1531
96,1532
96,1533
96,1534
96,1535
96,1536
96,1537
96,1538
96,1539
96,1540
96,1541
96,1542
96,1543
96,1544
96,1545
96,1546
96,1547
96,1548
96,1549
96,1550
96,1551
96,1552
96,1553
96,1554
96,1555
96,1556
96,1557
96,1558
96,1559
96,1560
96,1561
96,1562
96,1563
96,1564
96,1565
96,1566
96,1567
96,1568
96,1569
96,1570
96,1571
96,1572
96,1573
96,1574
96,1575
96,1576
96,1577
96,1578
96,1579
96,1580
96,1581
96,1582
96,1583
96,1584
96,1585
96,1586
96,1587
96,1588
96,1589
96,1590
96,1591
96,1592
96,1593
96,1594
96,1595
96,1596
96,1597
96,1598
96,1599
96,1600
96,1601
96,1602
96,1603
96,1604
96,1605
96,1606
96,1607
96,1608
96,1609
96,1610
96,1611
96,1612
96,1613
96,1614
96,1615
96,1616
96,1617
96,1618
96,1619
96,1620
96,1621
96,1622
96,1623
96,1624
96,1625
96,1626
96,1627
96,1628
96,1629
96,1630
96,1631
96,1632
96,1633
96,1634
96,1635
96,1636
96,1637
96,1638
96,1639
96,1640
96,1641
96,1642
96,1643
96,1644
96,1645
96,1646
96,1647
96,1648
96,1649
96,1650
96,1651
96,1652
96,1653
96,1654
96,1655
96,1656
96,1657
96,1658
96,1659
96,1660
96,1661
96,1662
96,1663
96,1664
96,1665
96,1666
96,1667
96,1668
96,1669
96,1670
96,1671
96,1672
96,1673
96,1674
96,1675
96,1676
96,1677
96,1678
96,1679
96,1680
96,1681
96,1682
96,1683
96,1684
96,1685
96,1686
96,1687
96,1688
96,1689
96,1690
96,1691
96,1692
96,1693
96,1694
96,1695
96,1696
96,1697
96,1698
96,1699
96,1700
96,1701
96,1702
96,1703
96,1704
96,1705
96,1706
96,1707
96,1708
96,1709
96,1710
96,1711
96,1712
96,1713
96,1714
96,1715
96,1716
96,1717
96,1718
96,1719
96,1720
96,1721
96,1722
96,1723
96,1724
96,1725
96,1726
96,1727
96,1728
96,1729
96,1730
96,1731
96,1732
96,1733
96,1734
96,1735
96,1736
96,1737
96,1738
96,1739
96,1740
96,1741
96,1742
96,1743
96,1744
96,1745
96,1746
96,1747
96,1748
96,1749
96,1750
96,1751
96,1752
96,1753
96,1754
96,1755
96,1756
96,1757
96,1758
96,1759
96,1760
96,1761
96,1762
96,1763
96,1764
96,1765
96,1766
96,1767
96,1768
96,1769
96,1770
96,1771
96,1772
96,1773
96,1774
96,1775
96,1776
96,1777
96,1778
96,1779
96,1780
96,1781
96,1782
96,1783
96,1784
96,1785
96,1786
96,1787
96,1788
96,1789
96,1790
96,1791
96,1792
96,1793
96,1794
96,1795
96,1796
96,1797
96,1798
96,1799
96,1800
96,1801
96,1802
96,1803
96,1804
96,1805
96,1806
96,1807
96,1808
96,1809
96,1810
96,1811
96,1812
96,1813
96,1814
96,1815
96,1816
96,1817
96,1818
96,1819
96,1820
96,1821
96,1822
96,1823
96,1824
96,1825
96,1826
96,1827
96,1828
96,1829
96,1830
96,1831
96,1832
96,1833
96,1834
96,1835
96,1836
96,1837
96,1838
96,1839
96,1840
96,1841
96,1842
96,1843
96,1844
96,1845
96,1846
96,1847
96,1848
96,1849
96,1850
96,1851
96,1852
96,1853
96,1854
96,1855
96,1856
96,1857
96,1858
96,1859
96,1860
96,1861
96,1862
96,1863
96,1864
96,1865
96,1866
96,1867
96,1868
96,1869
96,1870
96,1871
96,1872
96,1873
96,1874
96,1875
96,1876
96,1877
96,1878
96,1879
96,1880
96,1881
96,1882
96,1883
96,1884
96,1885
96,1886
96,1887
96,1888
96,1889
96,1890
96,1891
96,1892
96,1893
96,1894
96,1895
96,1896
96,1897
96,1898
96,1899
96,1900
96,1901
96,1902
96,1903
96,1904
96,1905
96,1906
96,1907
96,1908
96,1909
96,1910
96,1911
96,1912
96,1913
96,1914
96,1915
96,1916
96,1917
96,1918
96,1919
96,1920
96,1921
96,1922
96,1923
96,1924
96,1925
96,1926
96,1927
96,1928
96,1929
96,1930
96,1931
96,1932
96,1933
96,1934
96,1935
96,1936
96,1937
96,1938
96,1939
96,1940
96,1941
96,1942
96,1943
96,1944
96,1945
96,1946
96,1947
96,1948
96,1949
96,1950
96,1951
96,1952
96,1953
96,1954
96,1955
96,1956
96,1957
96,1958
96,1959
96,1960
96,1961
96,1962
96,1963
96,1964
96,1965
96,1966
96,1967
96,1968
96,1969
96,1970
96,1971
96,1972
96,1973
96,1974
96,1975
96,1976
96,1977
96,1978
96,1979
96,1980
96,1981
96,1982
96,1983
96,1984
96,1985
96,1986
96,1987
96,1988
96,1989
96,1990
96,1991
96,1992
96,1993
96,1994
96,1995
96,1996
96,1997
96,1998
96,1999
96,2000
96,2001
96,2002
96,2003
96,2004
96,2005
96,2006
96,2007
96,2008
96,2009
96,2010
96,2011
96,2012
96,2013
96,2014
96,2015
96,2016
96,2017
96,2018
96,2019
96,2020
96,2021
96,2022
96,2023
96,2024
96,2025
96,2026
96,2027
96,2028
96,2029
96,2030
96,2031
96,2032
96,2033
96,2034
96,2035
96,2036
96,2037
96,2038
96,2039
96,2040
96,2041
96,2042
96,2043
96,2044
96,2045
96,2046
96,2047
96,2048
96,2049
96,2050
96,2051
96,2052
96,2053
96,2054
96,2055
96,2056
96,2057
96,2058
96,2059
96,2060
96,2061
96,2062
96,2063
96,2064
96,2065
96,2066
96,2067
96,2068
96,2069
96,2070
96,2071
96,2072
96,2073
96,2074
96,2075
96,2076
96,2077
96,2078
96,2079
96,2080
96,2081
96,2082
96,2083
96,2084
96,2085
96,2086
96,2087
96,2088
96,2089
96,2090
96,2091
96,2092
96,2093
96,2094
96,2095
96,2096
96,2097
96,2098
96,2099
96,2100
96,2101
96,2102
96,2103
96,2104
96,2105
96,2106
96,2107
96,2108
96,2109
96,2110
96,2111
96,2112
96,2113
96,2114
96,2115
96,2116
96,2117
96,2118
96,2119
96,2120
96,2121
96,2122
96,2123
96,2124
96,2125
96,2126
96,2127
96,2128
96,2129
96,2130
96,2131
96,2132
96,2133
96,2134
96,2135
96,2136
96,2137
96,2138
96,2139
96,2140
96,2141
96,2142
96,2143
96,2144
96,2145
96,2146
96,2147
96,2148
96,2149
96,2150
96,2151
96,2152
96,2153
96,2154
96,2155
96,2156
96,2157
96,2158
96,2159
96,2160
96,2161
96,2162
96,2163
96,2164
96,2165
96,2166
96,2167
96,2168
96,2169
96,2170
96,2171
96,2172
96,2173
96,2174
96,2175
96,2176
96,2177
96,2178
96,2179
96,2180
96,2181
96,2182
96,2183
96,2184
96,2185
96,2186
96,2187
96,2188
96,2189
96,2190
96,2191
96,2192
96,2193
96,2194
96,2195
96,2196
96,2197
96,2198
96,2199
96,2200
96,2201
96,2202
96,2203
96,2204
96,2205
96,2206
96,2207
96,2208
96,2209
96,2210
96,2211
96,2212
96,2213
96,2214
96,2215
96,2216
96,2217
96,2218
96,2219
96,2220
96,2221
96,2222
96,2223
96,2224
96,2225
96,2226
96,2227
96,2228
96,2229
96,2230
96,2231
96,2232
96,2233
96,2234
96,2235
96,2236
96,2237
96,2238
96,2239
96,2240
96,2241
96,2242
96,2243
96,2244
96,2245
96,2246
96,2247
96,2248
96,2249
96,2250
96,2251
96,2252
96,2253
96,2254
96,2255
96,2256
96,2257
96,2258
96,2259
96,2260
96,2261
96,2262
96,2263
96,2264
96,2265
96,2266
96,2267
96,2268
96,2269
96,2270
96,2271
96,2272
96,2273
96,2274
96,2275
96,2276
96,2277
96,2278
96,2279
96,2280
96,2281
96,2282
96,2283
96,2284
96,2285
96,2286
96,2287
96,2288
96,2289
96,2290
96,2291
96,2292
96,2293
96,2294
96,2295
96,2296
96,2297
96,2298
96,2299
96,2300
96,2301
96,2302
96,2303
96,2304
96,2305
96,2306
96,2307
96,2308
96,2309
96,2310
96,2311
96,2312
96,2313
96,2314
96,2315
96,2316
96,2317
96,2318
96,2319
96,2320
96,2321
96,2322
96,2323
96,2324
96,2325
96,2326
96,2327
96,2328
96,2329
96,2330
96,2331
96,2332
96,2333
96,2334
96,2335
96,2336
96,2337
96,2338
96,2339
96,2340
96,2341
96,2342
96,2343
96,2344
96,2345
96,2346
96,2347
96,2348
96,2349
96,2350
96,2351
96,2352
96,2353
96,2354
96,2355
96,2356
96,2357
96,2358
96,2359
96,2360
96,2361
96,2362
96,2363
96,2364
96,2365
96,2366
96,2367
96,2368
96,2369
96,2370
96,2371
96,2372
96,2373
96,2374
96,2375
96,2376
96,2377
96,2378
96,2379
96,2380
96,2381
96,2382
96,2383
96,2384
96,2385
96,2386
96,2387
96,2388
96,2389
96,2390
96,2391
96,2392
96,2393
96,2394
96,2395
96,2396
96,2397
96,2398
96,2399
96,2400
96,2401
96,2402
96,2403
96,2404
96,2405
96,2406
96,2407
96,2408
96,2409
96,2410
96,2411
96,2412
96,2413
96,2414
96,2415
96,2416
96,2417
96,2418
96,2419
96,2420
96,2421
96,2422
96,2423
96,2424
96,2425
96,2426
96,2427
96,2428
96,2429
96,2430
96,2431
96,2432
96,2433
96,2434
96,2435
96,2436
96,2437
96,2438
96,2439
96,2440
96,2441
96,2442
96,2443
96,2444
96,2445
96,2446
96,2447
96,2448
96,2449
96,2450
96,2451
96,2452
96,2453
96,2454
96,2455
96,2456
96,2457
96,2458
96,2459
96,2460
96,2461
96,2462
96,2463
96,2464
96,2465
96,2466
96,2467
96,2468
96,2469
96,2470
96,2471
96,2472
96,2473
96,2474
96,2475
96,2476
96,2477
96,2478
96,2479
96,2480
96,2481
96,2482
96,2483
96,2484
96,2485
96,2486
96,2487
96,2488
96,2489
96,2490
96,2491
96,2492
96,2493
96,2494
96,2495
96,2496
96,2497
96,2498
96,2499
96,2500
96,2501
96,2502
96,2503
96,2504
96,2505
96,2506
96,2507
96,2508
96,2509
96,2510
96,2511
96,2512
96,2513
96,2514
96,2515
96,2516
96,2517
96,2518
96,2519
96,2520
96,2521
96,2522
96,2523
96,2524
96,2525
96,2526
96,2527
96,2528
96,2529
96,2530
96,2531
96,2532
96,2533
96,2534
96,2535
96,2536
96,2537
96,2538
96,2539
96,2540
96,2541
96,2542
96,2543
96,2544
96,2545
96,2546
96,2547
96,2548
96,2549
96,2550
96,2551
96,2552
96,2553
96,2554
96,2555
96,2556
96,2557
96,2558
96,2559
96,2560
96,2561
96,2562
96,2563
96,2564
96,2565
96,2566
96,2567
96,2568
96,2569
96,2570
96,2571
96,2572
96,2573
96,2574
96,2575
96,2576
96,2577
96,2578
96,2579
96,2580
96,2581
96,2582
96,2583
96,2584
96,2585
96,2586
96,2587
96,2588
96,2589
96,2590
96,2591
96,2592
96,2593
96,2594
96,2595
96,2596
96,2597
96,2598
96,2599
96,2600
96,2601
96,2602
96,2603
96,2604
96,2605
96,2606
96,2607
96,2608
96,2609
96,2610
96,2611
96,2612
96,2613
96,2614
96,2615
96,2616
96,2617
96,2618
96,2619
96,2620
96,2621
96,2622
96,2623
96,2624
96,2625
96,2626
96,2627
96,2628
96,2629
96,2630
96,2631
96,2632
96,2633
96,2634
96,2635
96,2636
96,2637
96,2638
96,2639
96,2640
96,2641
96,2642
96,2643
96,2644
96,2645
96,2646
96,2647
96,2648
96,2649
96,2650
96,2651
96,2652
96,2653
96,2654
96,2655
96,2656
96,2657
96,2658
96,2659
96,2660
96,2661
96,2662
96,2663
96,2664
96,2665
96,2666
96,2667
96,2668
96,2669
96,2670
96,2671
96,2672
96,2673
96,2674
96,2675
96,2676
96,2677
96,2678
96,2679
96,2680
96,2681
96,2682
96,2683
96,2684
96,2685
96,2686
96,2687
96,2688
96,2689
96,2690
96,2691
96,2692
96,2693
96,2694
96,2695
96,2696
96,2697
96,2698
96,2699
96,2700
96,2701
96,2702
96,2703
96,2704
96,2705
96,2706
96,2707
96,2708
96,2709
96,2710
96,2711
96,2712
96,2713
96,2714
96,2715
96,2716
96,2717
96,2718
96,2719
96,2720
96,2721
96,2722
96,2723
96,2724
96,2725
96,2726
96,2727
96,2728
96,2729
96,2730
96,2731
96,2732
96,2733
96,2734
96,2735
96,2736
96,2737
96,2738
96,2739
96,2740
96,2741
96,2742
96,2743
96,2744
96,2745
96,2746
96,2747
96,2748
96,2749
96,2750
96,2751
96,2752
96,2753
96,2754
96,2755
96,2756
96,2757
96,2758
96,2759
96,2760
96,2761
96,2762
96,2763
96,2764
96,2765
96,2766
96,2767
96,2768
96,2769
96,2770
96,2771
96,2772
96,2773
96,2774
96,2775
96,2776
96,2777
96,2778
96,2779
96,2780
96,2781
96,2782
96,2783
96,2784
96,2785
96,2786
96,2787
96,2788
96,2789
96,2790
96,2791
96,2792
96,2793
96,2794
96,2795
96,2796
96,2797
96,2798
96,2799
96,2800
96,2801
96,2802
96,2803
96,2804
96,2805
96,2806
96,2807
96,2808
96,2809
96,2810
96,2811
96,2812
96,2813
96,2814
96,2815
96,2816
96,2817
96,2818
96,2819
96,2820
96,2821
96,2822
96,2823
96,2824
96,2825
96,2826
96,2827
96,2828
96,2829
96,2830
96,2831
96,2832
96,2833
96,2834
96,2835
96,2836
96,2837
96,2838
96,2839
96,2840
96,2841
96,2842
96,2843
96,2844
96,2845
96,2846
96,2847
96,2848
96,2849
96,2850
96,2851
96,2852
96,2853
96,2854
96,2855
96,2856
96,2857
96,2858
96,2859
96,2860
96,2861
96,2862
96,2863
96,2864
96,2865
96,2866
96,2867
96,2868
96,2869
96,2870
96,2871
96,2872
96,2873
96,2874
96,2875
96,2876
96,2877
96,2878
96,2879
96,2880
96,2881
96,2882
96,2883
96,2884
96,2885
96,2886
96,2887
96,2888
96,2889
96,2890
96,2891
96,2892
96,2893
96,2894
96,2895
96,2896
96,2897
96,2898
96,2899
96,2900
96,2901
96,2902
96,2903
96,2904
96,2905
96,2906
96,2907
96,2908
96,2909
96,2910
96,2911
96,2912
96,2913
96,2914
96,2915
96,2916
96,2917
96,2918
96,2919
96,2920
96,2921
96,2922
96,2923
96,2924
96,2925
96,2926
96,2927
96,2928
96,2929
96,2930
96,2931
96,2932
96,2933
96,2934
96,2935
96,2936
96,2937
96,2938
96,2939
96,2940
96,2941
96,2942
96,2943
96,2944
96,2945
96,2946
96,2947
96,2948
96,2949
96,2950
96,2951
96,2952
96,2953
96,2954
96,2955
96,2956
96,2957
96,2958
96,2959
96,2960
96,2961
96,2962
96,2963
96,2964
96,2965
96,2966
96,2967
96,2968
96,2969
96,2970
96,2971
96,2972
96,2973
96,2974
96,2975
96,2976
96,2977
96,2978
96,2979
96,2980
96,2981
96,2982
96,2983
96,2984
96,2985
96,2986
96,2987
96,2988
96,2989
96,2990
96,2991
96,2992
96,2993
96,2994
96,2995
96,2996
96,2997
96,2998
96,2999
96,3000
96,3001
96,3002
96,3003
96,3004
96,3005
96,3006
96,3007
96,3008
96,3009
96,3010
96,3011
96,3012
96,3013
96,3014
96,3015
96,3016
96,3017
96,3018
96,3019
96,3020
96,3021
96,3022
96,3023
96,3024
96,3025
96,3026
96,3027
96,3028
96,3029
96,3030
96,3031
96,3032
96,3033
96,3034
96,3035
96,3036
96,3037
96,3038
96,3039
96,3040
96,3041
96,3042
96,3043
96,3044
96,3045
96,3046
96,3047
96,3048
96,3049
96,3050
96,3051
96,3052
96,3053
96,3054
96,3055
96,3056
96,3057
96,3058
96,3059
96,3060
96,3061
96,3062
96,3063
96,3064
96,3065
96,3066
96,3067
96,3068
96,3069
96,3070
96,3071
96,3072
96,3073
96,3074
96,3075
96,3076
96,3077
96,3078
96,3079
96,3080
96,3081
96,3082
96,3083
96,3084
96,3085
96,3086
96,3087
96,3088
96,3089
96,3090
96,3091
96,3092
96,3093
96,3094
96,3095
96,3096
96,3097
96,3098
96,3099
96,3100
96,3101
96,3102
96,3103
96,3104
96,3105
96,3106
96,3107
96,3108
96,3109
96,3110
96,3111
96,3112
96,3113
96,3114
96,3115
96,3116
96,3117
96,3118
96,3119
96,3120
96,3121
96,3122
96,3123
96,3124
96,3125
96,3126
96,3127
96,3128
96,3129
96,3130
96,3131
96,3132
96,3133
96,3134
96,3135
96,3136
96,3137
96,3138
96,3139
96,3140
96,3141
96,3142
96,3143
96,3144
96,3145
96,3146
96,3147
96,3148
96,3149
96,3150
96,3151
96,3152
96,3153
96,3154
96,3155
96,3156
96,3157
96,3158
96,3159
96,3160
96,3161
96,3162
96,3163
96,3164
96,3165
96,3166
96,3167
96,3168
96,3169
96,3170
96,3171
96,3172
96,3173
96,3174
96,3175
96,3176
96,3177
96,3178
96,3179
96,3180
96,3181
96,3182
96,3183
96,3184
96,3185
96,3186
96,3187
96,3188
96,3189
96,3190
96,3191
96,3192
96,3193
96,3194
96,3195
96,3196
96,3197
96,3198
96,3199
96,3200
96,3201
96,3202
96,3203
96,3204
96,3205
96,3206
96,3207
96,3208
96,3209
96,3210
96,3211
96,3212
96,3213
96,3214
96,3215
96,3216
96,3217
96,3218
96,3219
96,3220
96,3221
96,3222
96,3223
96,3224
96,3225
96,3226
96,3227
96,3228
96,3229
96,3230
96,3231
96,3232
96,3233
96,3234
96,3235
96,3236
96,3237
96,3238
96,3239
96,3240
96,3241
96,3242
96,3243
96,3244
96,3245
96,3246
96,3247
96,3248
96,3249
96,3250
96,3251
96,3252
96,3253
96,3254
96,3255
96,3256
96,3257
96,3258
96,3259
96,3260
96,3261
96,3262
96,3263
96,3264
96,3265
96,3266
96,3267
96,3268
96,3269
96,3270
96,3271
96,3272
96,3273
96,3274
96,3275
96,3276
96,3277
96,3278
96,3279
96,3280
96,3281
96,3282
96,3283
96,3284
96,3285
96,3286
96,3287
96,3288
96,3289
96,3290
96,3291
96,3292
96,3293
96,3294
96,3295
96,3296
96,3297
96,3298
96,3299
96,3300
96,3301
96,3302
96,3303
96,3304
96,3305
96,3306
96,3307
96,3308
96,3309
96,3310
96,3311
96,3312
96,3313
96,3314
96,3315
96,3316
96,3317
96,3318
96,3319
96,3320
96,3321
96,3322
96,3323
96,3324
96,3325
96,3326
96,3327
96,3328
96,3329
96,3330
96,3331
96,3332
96,3333
96,3334
96,3335
96,3336
96,3337
96,3338
96,3339
96,3340
96,3341
96,3342
96,3343
96,3344
96,3345
96,3346
96,3347
96,3348
96,3349
96,3350
96,3351
96,3352
96,3353
96,3354
96,3355
96,3356
96,3357
96,3358
96,3359
96,3360
96,3361
96,3362
96,3363
96,3364
96,3365
96,3366
96,3367
96,3368
96,3369
96,3370
96,3371
96,3372
96,3373
96,3374
96,3375
96,3376
96,3377
96,3378
96,3379
96,3380
96,3381
96,3382
96,3383
96,3384
96,3385
96,3386
96,3387
96,3388
96,3389
96,3390
96,3391
96,3392
96,3393
96,3394
96,3395
96,3396
96,3397
96,3398
96,3399
96,3400
96,3401
96,3402
96,3403
96,3404
96,3405
96,3406
96,3407
96,3408
96,3409
96,3410
96,3411
96,3412
96,3413
96,3414
96,3415
96,3416
96,3417
96,3418
96,3419
96,3420
96,3421
96,3422
96,3423
96,3424
96,3425
96,3426
96,3427
96,3428
96,3429
96,3430
96,3431
96,3432
96,3433
96,3434
96,3435
96,3436
96,3437
96,3438
96,3439
96,3440
96,3441
96,3442
96,3443
96,3444
96,3445
96,3446
96,3447
96,3448
96,3449
96,3450
96,3451
96,3452
96,3453
96,3454
96,3455
96,3456
96,3457
96,3458
96,3459
96,3460
96,3461
96,3462
96,3463
96,3464
96,3465
96,3466
96,3467
96,3468
96,3469
96,3470
96,3471
96,3472
96,3473
96,3474
96,3475
96,3476
96,3477
96,3478
96,3479
96,3480
96,3481
96,3482
96,3483
96,3484
96,3485
96,3486
96,3487
96,3488
96,3489
96,3490
96,3491
96,3492
96,3493
96,3494
96,3495
96,3496
96,3497
96,3498
96,3499
96,3500
96,3501
96,3502
96,3503
96,3504
96,3505
96,3506
96,3507
96,3508
96,3509
96,3510
96,3511
96,3512
96,3513
96,3514
96,3515
96,3516
96,3517
96,3518
96,3519
96,3520
96,3521
96,3522
96,3523
96,3524
96,3525
96,3526
96,3527
96,3528
96,3529
96,3530
96,3531
96,3532
96,3533
96,3534
96,3535
96,3536
96,3537
96,3538
96,3539
96,3540
96,3541
96,3542
96,3543
96,3544
96,3545
96,3546
96,3547
96,3548
96,3549
96,3550
96,3551
96,3552
96,3553
96,3554
96,3555
96,3556
96,3557
96,3558
96,3559
96,3560
96,3561
96,3562
96,3563
96,3564
96,3565
96,3566
96,3567
96,3568
96,3569
96,3570
96,3571
96,3572
96,3573
96,3574
96,3575
96,3576
96,3577
96,3578
96,3579
96,3580
96,3581
96,3582
96,3583
96,3584
96,3585
96,3586
96,3587
96,3588
96,3589
96,3590
96,3591
96,3592
96,3593
96,3594
96,3595
96,3596
96,3597
96,3598
96,3599
96,3600
96,3601
96,3602
96,3603
96,3604
96,3605
96,3606
96,3607
96,3608
96,3609
96,3610
96,3611
96,3612
96,3613
96,3614
96,3615
96,3616
96,3617
96,3618
96,3619
96,3620
96,3621
96,3622
96,3623
96,3624
96,3625
96,3626
96,3627
96,3628
96,3629
96,3630
96,3631
96,3632
96,3633
96,3634
96,3635
96,3636
96,3637
96,3638
96,3639
96,3640
96,3641
96,3642
96,3643
96,3644
96,3645
96,3646
96,3647
96,3648
96,3649
96,3650
96,3651
96,3652
96,3653
96,3654
96,3655
96,3656
96,3657
96,3658
96,3659
96,3660
96,3661
96,3662
96,3663
96,3664
96,3665
96,3666
96,3667
96,3668
96,3669
96,3670
96,3671
96,3672
96,3673
96,3674
96,3675
96,3676
96,3677
96,3678
96,3679
96,3680
96,3681
96,3682
96,3683
96,3684
96,3685
96,3686
96,3687
96,3688
96,3689
96,3690
96,3691
96,3692
96,3693
96,3694
96,3695
96,3696
96,3697
96,3698
96,3699
96,3700
96,3701
96,3702
96,3703
96,3704
96,3705
96,3706
96,3707
96,3708
96,3709
96,3710
96,3711
96,3712
96,3713
96,3714
96,3715
96,3716
96,3717
96,3718
96,3719
96,3720
96,3721
96,3722
96,3723
96,3724
96,3725
96,3726
96,3727
96,3728
96,3729
96,3730
96,3731
96,3732
96,3733
96,3734
96,3735
96,3736
96,3737
96,3738
96,3739
96,3740
96,3741
96,3742
96,3743
96,3744
96,3745
96,3746
96,3747
96,3748
96,3749
96,3750
96,3751
96,3752
96,3753
96,3754
96,3755
96,3756
96,3757
96,3758
96,3759
96,3760
96,3761
96,3762
96,3763
96,3764
96,3765
96,3766
96,3767
96,3768
96,3769
96,3770
96,3771
96,3772
96,3773
96,3774
96,3775
96,3776
96,3777
96,3778
96,3779
96,3780
96,3781
96,3782
96,3783
96,3784
96,3785
96,3786
96,3787
96,3788
96,3789
96,3790
96,3791
96,3792
96,3793
96,3794
96,3795
96,3796
96,3797
96,3798
96,3799
96,3800
96,3801
96,3802
96,3803
96,3804
96,3805
96,3806
96,3807
96,3808
96,3809
96,3810
96,3811
96,3812
96,3813
96,3814
96,3815
96,3816
96,3817
96,3818
96,3819
96,3820
96,3821
96,3822
96,3823
96,3824
96,3825
96,3826
96,3827
96,3828
96,3829
96,3830
96,3831
96,3832
96,3833
96,3834
96,3835
96,3836
96,3837
96,3838
96,3839
96,3840
96,3841
96,3842
96,3843
96,3844
96,3845
96,3846
96,3847
96,3848
96,3849
96,3850
96,3851
96,3852
96,3853
96,3854
96,3855
96,3856
96,3857
96,3858
96,3859
96,3860
96,3861
96,3862
96,3863
96,3864
96,3865
96,3866
96,3867
96,3868
96,3869
96,3870
96,3871
96,3872
96,3873
96,3874
96,3875
96,3876
96,3877
96,3878
96,3879
96,3880
96,3881
96,3882
96,3883
96,3884
96,3885
96,3886
96,3887
96,3888
96,3889
96,3890
96,3891
96,3892
96,3893
96,3894
96,3895
96,3896
96,3897
96,3898
96,3899
96,3900
96,3901
96,3902
96,3903
96,3904
96,3905
96,3906
96,3907
96,3908
96,3909
96,3910
96,3911
96,3912
96,3913
96,3914
96,3915
96,3916
96,3917
96,3918
96,3919
96,3920
96,3921
96,3922
96,3923
96,3924
96,3925
96,3926
96,3927
96,3928
96,3929
96,3930
96,3931
96,3932
96,3933
96,3934
96,3935
96,3936
96,3937
96,3938
96,3939
96,3940
96,3941
96,3942
96,3943
96,3944
96,3945
96,3946
96,3947
96,3948
96,3949
96,3950
96,3951
96,3952
96,3953
96,3954
96,3955
96,3956
96,3957
96,3958
96,3959
96,3960
96,3961
96,3962
96,3963
96,3964
96,3965
96,3966
96,3967
96,3968
96,3969
96,3970
96,3971
96,3972
96,3973
96,3974
96,3975
96,3976
96,3977
96,3978
96,3979
96,3980
96,3981
96,3982
96,3983
96,3984
96,3985
96,3986
96,3987
96,3988
96,3989
96,3990
96,3991
96,3992
96,3993
96,3994
96,3995
96,3996
96,3997
96,3998
96,3999
96,4000
96,4001
96,4002
96,4003
96,4004
96,4005
96,4006
96,4007
96,4008
96,4009
96,4010
96,4011
96,4012
96,4013
96,4014
96,4015
96,4016
96,4017
96,4018
96,4019
96,4020
96,4021
96,4022
96,4023
96,4024
96,4025
96,4026
96,4027
96,4028
96,4029
96,4030
96,4031
96,4032
96,4033
96,4034
96,4035
96,4036
96,4037
96,4038
96,4039
96,4040
96,4041
96,4042
96,4043
96,4044
96,4045
96,4046
96,4047
96,4048
96,4049
96,4050
96,4051
96,4052
96,4053
96,4054
96,4055
96,4056
96,4057
96,4058
96,4059
96,4060
96,4061
96,4062
96,4063
96,4064
96,4065
96,4066
96,4067
96,4068
96,4069
96,4070
96,4071
96,4072
96,4073
96,4074
96,4075
96,4076
96,4077
96,4078
96,4079
96,4080
96,4081
96,4082
96,4083
96,4084
96,4085
96,4086
96,4087
96,4088
96,4089
96,4090
96,4091
96,4092
96,4093
96,4094
96,4095
96,4096
96,4097
96,4098
96,4099
96,4100
96,4101
96,4102
96,4103
96,4104
96,4105
96,4106
96,4107
96,4108
96,4109
96,4110
96,4111
96,4112
96,4113
96,4114
96,4115
96,4116
96,4117
96,4118
96,4119
96,4120
96,4121
96,4122
96,4123
96,4124
96,4125
96,4126
96,4127
96,4128
96,4129
96,4130
96,4131
96,4132
96,4133
96,4134
96,4135
96,4136
96,4137
96,4138
96,4139
96,4140
96,4141
96,4142
96,4143
96,4144
96,4145
96,4146
96,4147
96,4148
96,4149
96,4150
96,4151
96,4152
96,4153
96,4154
96,4155
96,4156
96,4157
96,4158
96,4159
96,4160
96,4161
96,4162
96,4163
96,4164
96,4165
96,4166
96,4167
96,4168
96,4169
96,4170
96,4171
96,4172
96,4173
96,4174
96,4175
96,4176
96,4177
96,4178
96,4179
96,4180
96,4181
96,4182
96,4183
96,4184
96,4185
96,4186
96,4187
96,4188
96,4189
96,4190
96,4191
96,4192
96,4193
96,4194
96,4195
96,4196
96,4197
96,4198
96,4199
96,4200
96,4201
96,4202
96,4203
96,4204
96,4205
96,4206
96,4207
96,4208
96,4209
96,4210
96,4211
96,4212
96,4213
96,4214
96,4215
96,4216
96,4217
96,4218
96,4219
96,4220
96,4221
96,4222
96,4223
96,4224
96,4225
96,4226
96,4227
96,4228
96,4229
96,4230
96,4231
96,4232
96,4233
96,4234
96,4235
96,4236
96,4237
96,4238
96,4239
96,4240
96,4241
96,4242
96,4243
96,4244
96,4245
96,4246
96,4247
96,4248
96,4249
96,4250
96,4251
96,4252
96,4253
96,4254
96,4255
96,4256
96,4257
96,4258
96,4259
96,4260
96,4261
96,4262
96,4263
96,4264
96,4265
96,4266
96,4267
96,4268
96,4269
96,4270
96,4271
96,4272
96,4273
96,4274
96,4275
96,4276
96,4277
96,4278
96,4279
96,4280
96,4281
96,4282
96,4283
96,4284
96,4285
96,4286
96,4287
96,4288
96,4289
96,4290
96,4291
96,4292
96,4293
96,4294
96,4295
96,4296
96,4297
96,4298
96,4299
96,4300
96,4301
96,4302
96,4303
96,4304
96,4305
96,4306
96,4307
96,4308
96,4309
96,4310
96,4311
96,4312
96,4313
96,4314
96,4315
96,4316
96,4317
96,4318
96,4319
96,4320
96,4321
96,4322
96,4323
96,4324
96,4325
96,4326
96,4327
96,4328
96,4329
96,4330
96,4331
96,4332
96,4333
96,4334
96,4335
96,4336
96,4337
96,4338
96,4339
96,4340
96,4341
96,4342
96,4343
96,4344
96,4345
96,4346
96,4347
96,4348
96,4349
96,4350
96,4351
96,4352
96,4353
96,4354
96,4355
96,4356
96,4357
96,4358
96,4359
96,4360
96,4361
96,4362
96,4363
96,4364
96,4365
96,4366
96,4367
96,4368
96,4369
96,4370
96,4371
96,4372
96,4373
96,4374
96,4375
96,4376
96,4377
96,4378
96,4379
96,4380
96,4381
96,4382
96,4383
96,4384
96,4385
96,4386
96,4387
96,4388
96,4389
96,4390
96,4391
96,4392
96,4393
96,4394
96,4395
96,4396
96,4397
96,4398
96,4399
96,4400
96,4401
96,4402
96,4403
96,4404
96,4405
96,4406
96,4407
96,4408
96,4409
96,4410
96,4411
96,4412
96,4413
96,4414
96,4415
96,4416
96,4417
96,4418
96,4419
96,4420
96,4421
96,4422
96,4423
96,4424
96,4425
96,4426
96,4427
96,4428
96,4429
96,4430
96,4431
96,4432
96,4433
96,4434
96,4435
96,4436
96,4437
96,4438
96,4439
96,4440
96,4441
96,4442
96,4443
96,4444
96,4445
96,4446
96,4447
96,4448
96,4449
96,4450
96,4451
96,4452
96,4453
96,4454
96,4455
96,4456
96,4457
96,4458
96,4459
96,4460
96,4461
96,4462
96,4463
96,4464
96,4465
96,4466
96,4467
96,4468
96,4469
96,4470
96,4471
96,4472
96,4473
96,4474
96,4475
96,4476
96,4477
96,4478
96,4479
96,4480
96,4481
96,4482
96,4483
96,4484
96,4485
96,4486
96,4487
96,4488
96,4489
96,4490
96,4491
96,4492
96,4493
96,4494
96,4495
96,4496
96,4497
96,4498
96,4499
96,4500
96,4501
96,4502
96,4503
96,4504
96,4505
96,4506
96,4507
96,4508
96,4509
96,4510
96,4511
96,4512
96,4513
96,4514
96,4515
96,4516
96,4517
96,4518
96,4519
96,4520
96,4521
96,4522
96,4523
96,4524
96,4525
96,4526
96,4527
96,4528
96,4529
96,4530
96,4531
96,4532
96,4533
96,4534
96,4535
96,4536
96,4537
96,4538
96,4539
96,4540
96,4541
96,4542
96,4543
96,4544
96,4545
96,4546
96,4547
96,4548
96,4549
96,4550
96,4551
96,4552
96,4553
96,4554
96,4555
96,4556
96,4557
96,4558
96,4559
96,4560
96,4561
96,4562
96,4563
96,4564
96,4565
96,4566
96,4567
96,4568
96,4569
96,4570
96,4571
96,4572
96,4573
96,4574
96,4575
96,4576
96,4577
96,4578
96,4579
96,4580
96,4581
96,4582
96,4583
96,4584
96,4585
96,4586
96,4587
96,4588
96,4589
96,4590
96,4591
96,4592
96,4593
96,4594
96,4595
96,4596
96,4597
96,4598
96,4599
96,4600
96,4601
96,4602
96,4603
96,4604
96,4605
96,4606
96,4607
96,4608
96,4609
96,4610
96,4611
96,4612
96,4613
96,4614
96,4615
96,4616
96,4617
96,4618
96,4619
96,4620
96,4621
96,4622
96,4623
96,4624
96,4625
96,4626
96,4627
96,4628
96,4629
96,4630
96,4631
96,4632
96,4633
96,4634
96,4635
96,4636
96,4637
96,4638
96,4639
96,4640
96,4641
96,4642
96,4643
96,4644
96,4645
96,4646
96,4647
96,4648
96,4649
96,4650
96,4651
96,4652
96,4653
96,4654
96,4655
96,4656
96,4657
96,4658
96,4659
96,4660
96,4661
96,4662
96,4663
96,4664
96,4665
96,4666
96,4667
96,4668
96,4669
96,4670
96,4671
96,4672
96,4673
96,4674
96,4675
96,4676
96,4677
96,4678
96,4679
96,4680
96,4681
96,4682
96,4683
96,4684
96,4685
96,4686
96,4687
96,4688
96,4689
96,4690
96,4691
96,4692
96,4693
96,4694
96,4695
96,4696
96,4697
96,4698
96,4699
96,4700
96,4701
96,4702
96,4703
96,4704
96,4705
96,4706
96,4707
96,4708
96,4709
96,4710
96,4711
96,4712
96,4713
96,4714
96,4715
96,4716
96,4717
96,4718
96,4719
96,4720
96,4721
96,4722
96,4723
96,4724
96,4725
96,4726
96,4727
96,4728
96,4729
96,4730
96,4731
96,4732
96,4733
96,4734
96,4735
96,4736
96,4737
96,4738
96,4739
96,4740
96,4741
96,4742
96,4743
96,4744
96,4745
96,4746
96,4747
96,4748
96,4749
96,4750
96,4751
96,4752
96,4753
96,4754
96,4755
96,4756
96,4757
96,4758
96,4759
96,4760
96,4761
96,4762
96,4763
96,4764
96,4765
96,4766
96,4767
96,4768
96,4769
96,4770
96,4771
96,4772
96,4773
96,4774
96,4775
96,4776
96,4777
96,4778
96,4779
96,4780
96,4781
96,4782
96,4783
96,4784
96,4785
96,4786
96,4787
96,4788
96,4789
96,4790
96,4791
96,4792
96,4793
96,4794
96,4795
96,4796
96,4797
96,4798
96,4799
96,4800
96,4801
96,4802
96,4803
96,4804
96,4805
96,4806
96,4807
96,4808
96,4809
96,4810
96,4811
96,4812
96,4813
96,4814
96,4815
96,4816
96,4817
96,4818
96,4819
96,4820
96,4821
96,4822
96,4823
96,4824
96,4825
96,4826
96,4827
96,4828
96,4829
96,4830
96,4831
96,4832
96,4833
96,4834
96,4835
96,4836
96,4837
96,4838
96,4839
96,4840
96,4841
96,4842
96,4843
96,4844
96,4845
96,4846
96,4847
96,4848
96,4849
96,4850
96,4851
96,4852
96,4853
96,4854
96,4855
96,4856
96,4857
96,4858
96,4859
96,4860
96,4861
96,4862
96,4863
96,4864
96,4865
96,4866
96,4867
96,4868
96,4869
96,4870
96,4871
96,4872
96,4873
96,4874
96,4875
96,4876
96,4877
96,4878
96,4879
96,4880
96,4881
96,4882
96,4883
96,4884
96,4885
96,4886
96,4887
96,4888
96,4889
96,4890
96,4891
96,4892
96,4893
96,4894
96,4895
96,4896
96,4897
96,4898
96,4899
96,4900
96,4901
96,4902
96,4903
96,4904
96,4905
96,4906
96,4907
96,4908
96,4909
96,4910
96,4911
96,4912
96,4913
96,4914
96,4915
96,4916
96,4917
96,4918
96,4919
96,4920
96,4921
96,4922
96,4923
96,4924
96,4925
96,4926
96,4927
96,4928
96,4929
96,4930
96,4931
96,4932
96,4933
96,4934
96,4935
96,4936
96,4937
96,4938
96,4939
96,4940
96,4941
96,4942
96,4943
96,4944
96,4945
96,4946
96,4947
96,4948
96,4949
96,4950
96,4951
96,4952
96,4953
96,4954
96,4955
96,4956
96,4957
96,4958
96,4959
96,4960
96,4961
96,4962
96,4963
96,4964
96,4965
96,4966
96,4967
96,4968
96,4969
96,4970
96,4971
96,4972
96,4973
96,4974
96,4975
96,4976
96,4977
96,4978
96,4979
96,4980
96,4981
96,4982
96,4983
96,4984
96,4985
96,4986
96,4987
96,4988
96,4989
96,4990
96,4991
96,4992
96,4993
96,4994
96,4995
96,4996
96,4997
96,4998
96,4999
96,5000
96,5001
96,5002
96,5003
96,5004
96,5005
96,5006
96,5007
96,5008
96,5009
96,5010
96,5011
96,5012
96,5013
96,5014
96,5015
96,5016
96,5017
96,5018
96,5019
96,5020
96,5021
96,5022
96,5023
96,5024
96,5025
96,5026
96,5027
96,5028
96,5029
96,5030
96,5031
96,5032
96,5033
96,5034
96,5035
96,5036
96,5037
96,5038
96,5039
96,5040
96,5041
96,5042
96,5043
96,5044
96,5045
96,5046
96,5047
96,5048
96,5049
96,5050
96,5051
96,5052
96,5053
96,5054
96,5055
96,5056
96,5057
96,5058
96,5059
96,5060
96,5061
96,5062
96,5063
96,5064
96,5065
96,5066
96,5067
96,5068
96,5069
96,5070
96,5071
96,5072
96,5073
96,5074
96,5075
96,5076
96,5077
96,5078
96,5079
96,5080
96,5081
96,5082
96,5083
96,5084
96,5085
96,5086
96,5087
96,5088
96,5089
96,5090
96,5091
96,5092
96,5093
96,5094
96,5095
96,5096
96,5097
96,5098
96,5099
96,5100
96,5101
96,5102
96,5103
96,5104
96,5105
96,5106
96,5107
96,5108
96,5109
96,5110
96,5111
96,5112
96,5113
96,5114
96,5115
96,5116
96,5117
96,5118
96,5119
96,5120
96,5121
96,5122
96,5123
96,5124
96,5125
96,5126
96,5127
96,5128
96,5129
96,5130
96,5131
96,5132
96,5133
96,5134
96,5135
96,5136
96,5137
96,5138
96,5139
96,5140
96,5141
96,5142
96,5143
96,5144
96,5145
96,5146
96,5147
96,5148
96,5149
96,5150
96,5151
96,5152
96,5153
96,5154
96,5155
96,5156
96,5157
96,5158
96,5159
96,5160
96,5161
96,5162
96,5163
96,5164
96,5165
96,5166
96,5167
96,5168
96,5169
96,5170
96,5171
96,5172
96,5173
96,5174
96,5175
96,5176
96,5177
96,5178
96,5179
96,5180
96,5181
96,5182
96,5183
96,5184
96,5185
96,5186
96,5187
96,5188
96,5189
96,5190
96,5191
96,5192
96,5193
96,5194
96,5195
96,5196
96,5197
96,5198
96,5199
96,5200
96,5201
96,5202
96,5203
96,5204
96,5205
96,5206
96,5207
96,5208
96,5209
96,5210
96,5211
96,5212
96,5213
96,5214
96,5215
96,5216
96,5217
96,5218
96,5219
96,5220
96,5221
96,5222
96,5223
96,5224
96,5225
96,5226
96,5227
96,5228
96,5229
96,5230
96,5231
96,5232
96,5233
96,5234
96,5235
96,5236
96,5237
96,5238
96,5239
96,5240
96,5241
96,5242
96,5243
96,5244
96,5245
96,5246
96,5247
96,5248
96,5249
96,5250
96,5251
96,5252
96,5253
96,5254
96,5255
96,5256
96,5257
96,5258
96,5259
96,5260
96,5261
96,5262
96,5263
96,5264
96,5265
96,5266
96,5267
96,5268
96,5269
96,5270
96,5271
96,5272
96,5273
96,5274
96,5275
96,5276
96,5277
96,5278
96,5279
96,5280
96,5281
96,5282
96,5283
96,5284
96,5285
96,5286
96,5287
96,5288
96,5289
96,5290
96,5291
96,5292
96,5293
96,5294
96,5295
96,5296
96,5297
96,5298
96,5299
96,5300
96,5301
96,5302
96,5303
96,5304
96,5305
96,5306
96,5307
96,5308
96,5309
96,5310
96,5311
96,5312
96,5313
96,5314
96,5315
96,5316
96,5317
96,5318
96,5319
96,5320
96,5321
96,5322
96,5323
96,5324
96,5325
96,5326
96,5327
96,5328
96,5329
96,5330
96,5331
96,5332
96,5333
96,5334
96,5335
96,5336
96,5337
96,5338
96,5339
96,5340
96,5341
96,5342
96,5343
96,5344
96,5345
96,5346
96,5347
96,5348
96,5349
96,5350
96,5351
96,5352
96,5353
96,5354
96,5355
96,5356
96,5357
96,5358
96,5359
96,5360
96,5361
96,5362
96,5363
96,5364
96,5365
96,5366
96,5367
96,5368
96,5369
96,5370
96,5371
96,5372
96,5373
96,5374
96,5375
96,5376
96,5377
96,5378
96,5379
96,5380
96,5381
96,5382
96,5383
96,5384
96,5385
96,5386
96,5387
96,5388
96,5389
96,5390
96,5391
96,5392
96,5393
96,5394
96,5395
96,5396
96,5397
96,5398
96,5399
96,5400
96,5401
96,5402
96,5403
96,5404
96,5405
96,5406
96,5407
96,5408
96,5409
96,5410
96,5411
96,5412
96,5413
96,5414
96,5415
96,5416
96,5417
96,5418
96,5419
96,5420
96,5421
96,5422
96,5423
96,5424
96,5425
96,5426
96,5427
96,5428
96,5429
96,5430
96,5431
96,5432
96,5433
96,5434
96,5435
96,5436
96,5437
96,5438
96,5439
96,5440
96,5441
96,5442
96,5443
96,5444
96,5445
96,5446
96,5447
96,5448
96,5449
96,5450
96,5451
96,5452
96,5453
96,5454
96,5455
96,5456
96,5457
96,5458
96,5459
96,5460
96,5461
96,5462
96,5463
96,5464
96,5465
96,5466
96,5467
96,5468
96,5469
96,5470
96,5471
96,5472
96,5473
96,5474
96,5475
96,5476
96,5477
96,5478
96,5479
96,5480
96,5481
96,5482
96,5483
96,5484
96,5485
96,5486
96,5487
96,5488
96,5489
96,5490
96,5491
96,5492
96,5493
96,5494
96,5495
96,5496
96,5497
96,5498
96,5499
96,5500
96,5501
96,5502
96,5503
96,5504
96,5505
96,5506
96,5507
96,5508
96,5509
96,5510
96,5511
96,5512
96,5513
96,5514
96,5515
96,5516
96,5517
96,5518
96,5519
96,5520
96,5521
96,5522
96,5523
96,5524
96,5525
96,5526
96,5527
96,5528
96,5529
96,5530
96,5531
96,5532
96,5533
96,5534
96,5535
96,5536
96,5537
96,5538
96,5539
96,5540
96,5541
96,5542
96,5543
96,5544
96,5545
96,5546
96,5547
96,5548
96,5549
96,5550
96,5551
96,5552
96,5553
96,5554
96,5555
96,5556
96,5557
96,5558
96,5559
96,5560
96,5561
96,5562
96,5563
96,5564
96,5565
96,5566
96,5567
96,5568
96,5569
96,5570
96,5571
96,5572
96,5573
96,5574
96,5575
96,5576
96,5577
96,5578
96,5579
96,5580
96,5581
96,5582
96,5583
96,5584
96,5585
96,5586
96,5587
96,5588
96,5589
96,5590
96,5591
96,5592
96,5593
96,5594
96,5595
96,5596
96,5597
96,5598
96,5599
96,5600
96,5601
96,5602
96,5603
96,5604
96,5605
96,5606
96,5607
96,5608
96,5609
96,5610
96,5611
96,5612
96,5613
96,5614
96,5615
96,5616
96,5617
96,5618
96,5619
96,5620
96,5621
96,5622
96,5623
96,5624
96,5625
96,5626
96,5627
96,5628
96,5629
96,5630
96,5631
96,5632
96,5633
96,5634
96,5635
96,5636
96,5637
96,5638
96,5639
96,5640
96,5641
96,5642
96,5643
96,5644
96,5645
96,5646
96,5647
96,5648
96,5649
96,5650
96,5651
96,5652
96,5653
96,5654
96,5655
96,5656
96,5657
96,5658
96,5659
96,5660
96,5661
96,5662
96,5663
96,5664
96,5665
96,5666
96,5667
96,5668
96,5669
96,5670
96,5671
96,5672
96,5673
96,5674
96,5675
96,5676
96,5677
96,5678
96,5679
96,5680
96,5681
96,5682
96,5683
96,5684
96,5685
96,5686
96,5687
96,5688
96,5689
96,5690
96,5691
96,5692
96,5693
96,5694
96,5695
96,5696
96,5697
96,5698
96,5699
96,5700
96,5701
96,5702
96,5703
96,5704
96,5705
96,5706
96,5707
96,5708
96,5709
96,5710
96,5711
96,5712
96,5713
96,5714
96,5715
96,5716
96,5717
96,5718
96,5719
96,5720
96,5721
96,5722
96,5723
96,5724
96,5725
96,5726
96,5727
96,5728
96,5729
96,5730
96,5731
96,5732
96,5733
96,5734
96,5735
96,5736
96,5737
96,5738
96,5739
96,5740
96,5741
96,5742
96,5743
96,5744
96,5745
96,5746
96,5747
96,5748
96,5749
96,5750
96,5751
96,5752
96,5753
96,5754
96,5755
96,5756
96,5757
96,5758
96,5759
96,5760
96,5761
96,5762
96,5763
96,5764
96,5765
96,5766
96,5767
96,5768
96,5769
96,5770
96,5771
96,5772
96,5773
96,5774
96,5775
96,5776
96,5777
96,5778
96,5779
96,5780
96,5781
96,5782
96,5783
96,5784
96,5785
96,5786
96,5787
96,5788
96,5789
96,5790
96,5791
96,5792
96,5793
96,5794
96,5795
96,5796
96,5797
96,5798
96,5799
96,5800
96,5801
96,5802
96,5803
96,5804
96,5805
96,5806
96,5807
96,5808
96,5809
96,5810
96,5811
96,5812
96,5813
96,5814
96,5815
96,5816
96,5817
96,5818
96,5819
96,5820
96,5821
96,5822
96,5823
96,5824
96,5825
96,5826
96,5827
96,5828
96,5829
96,5830
96,5831
96,5832
96,5833
96,5834
96,5835
96,5836
96,5837
96,5838
96,5839
96,5840
96,5841
96,5842
96,5843
96,5844
96,5845
96,5846
96,5847
96,5848
96,5849
96,5850
96,5851
96,5852
96,5853
96,5854
96,5855
96,5856
96,5857
96,5858
96,5859
96,5860
96,5861
96,5862
96,5863
96,5864
96,5865
96,5866
96,5867
96,5868
96,5869
96,5870
96,5871
96,5872
96,5873
96,5874
96,5875
96,5876
96,5877
96,5878
96,5879
96,5880
96,5881
96,5882
96,5883
96,5884
96,5885
96,5886
96,5887
96,5888
96,5889
96,5890
96,5891
96,5892
96,5893
96,5894
96,5895
96,5896
96,5897
96,5898
96,5899
96,5900
96,5901
96,5902
96,5903
96,5904
96,5905
96,5906
96,5907
96,5908
96,5909
96,5910
96,5911
96,5912
96,5913
96,5914
96,5915
96,5916
96,5917
96,5918
96,5919
96,5920
96,5921
96,5922
96,5923
96,5924
96,5925
96,5926
96,5927
96,5928
96,5929
96,5930
96,5931
96,5932
96,5933
96,5934
96,5935
96,5936
96,5937
96,5938
96,5939
96,5940
96,5941
96,5942
96,5943
96,5944
96,5945
96,5946
96,5947
96,5948
96,5949
96,5950
96,5951
96,5952
96,5953
96,5954
96,5955
96,5956
96,5957
96,5958
96,5959
96,5960
96,5961
96,5962
96,5963
96,5964
96,5965
96,5966
96,5967
96,5968
96,5969
96,5970
96,5971
96,5972
96,5973
96,5974
96,5975
96,5976
96,5977
96,5978
96,5979
96,5980
96,5981
96,5982
96,5983
96,5984
96,5985
96,5986
96,5987
96,5988
96,5989
96,5990
96,5991
96,5992
96,5993
96,5994
96,5995
96,5996
96,5997
96,5998
96,5999
96,6000
96,6001
96,6002
96,6003
96,6004
96,6005
96,6006
96,6007
96,6008
96,6009
96,6010
96,6011
96,6012
96,6013
96,6014
96,6015
96,6016
96,6017
96,6018
96,6019
96,6020
96,6021
96,6022
96,6023
96,6024
96,6025
96,6026
96,6027
96,6028
96,6029
96,6030
96,6031
96,6032
96,6033
96,6034
96,6035
96,6036
96,6037
96,6038
96,6039
96,6040
96,6041
96,6042
96,6043
96,6044
96,6045
96,6046
96,6047
96,6048
96,6049
96,6050
96,6051
96,6052
96,6053
96,6054
96,6055
96,6056
96,6057
96,6058
96,6059
96,6060
96,6061
96,6062
96,6063
96,6064
96,6065
96,6066
96,6067
96,6068
96,6069
96,6070
96,6071
96,6072
96,6073
96,6074
96,6075
96,6076
96,6077
96,6078
96,6079
96,6080
96,6081
96,6082
96,6083
96,6084
96,6085
96,6086
96,6087
96,6088
96,6089
96,6090
96,6091
96,6092
96,6093
96,6094
96,6095
96,6096
96,6097
96,6098
96,6099
96,6100
96,6101
96,6102
96,6103
96,6104
96,6105
96,6106
96,6107
96,6108
96,6109
96,6110
96,6111
96,6112
96,6113
96,6114
96,6115
96,6116
96,6117
96,6118
96,6119
96,6120
96,6121
96,6122
96,6123
96,6124
96,6125
96,6126
96,6127
96,6128
96,6129
96,6130
96,6131
96,6132
96,6133
96,6134
96,6135
96,6136
96,6137
96,6138
96,6139
96,6140
96,6141
96,6142
96,6143
96,6144
96,6145
96,6146
96,6147
96,6148
96,6149
96,6150
96,6151
96,6152
96,6153
96,6154
96,6155
96,6156
96,6157
96,6158
96,6159
96,6160
96,6161
96,6162
96,6163
96,6164
96,6165
96,6166
96,6167
96,6168
96,6169
96,6170
96,6171
96,6172
96,6173
96,6174
96,6175
96,6176
96,6177
96,6178
96,6179
96,6180
96,6181
96,6182
96,6183
96,6184
96,6185
96,6186
96,6187
96,6188
96,6189
96,6190
96,6191
96,6192
96,6193
96,6194
96,6195
96,6196
96,6197
96,6198
96,6199
96,6200
96,6201
96,6202
96,6203
96,6204
96,6205
96,6206
96,6207
96,6208
96,6209
96,6210
96,6211
96,6212
96,6213
96,6214
96,6215
96,6216
96,6217
96,6218
96,6219
96,6220
96,6221
96,6222
96,6223
96,6224
96,6225
96,6226
96,6227
96,6228
96,6229
96,6230
96,6231
96,6232
96,6233
96,6234
96,6235
96,6236
96,6237
96,6238
96,6239
96,6240
96,6241
96,6242
96,6243
96,6244
96,6245
96,6246
96,6247
96,6248
96,6249
96,6250
96,6251
96,6252
96,6253
96,6254
96,6255
96,6256
96,6257
96,6258
96,6259
96,6260
96,6261
96,6262
96,6263
96,6264
96,6265
96,6266
96,6267
96,6268
96,6269
96,6270
96,6271
96,6272
96,6273
96,6274
96,6275
96,6276
96,6277
96,6278
96,6279
96,6280
96,6281
96,6282
96,6283
96,6284
96,6285
96,6286
96,6287
96,6288
96,6289
96,6290
96,6291
96,6292
96,6293
96,6294
96,6295
96,6296
96,6297
96,6298
96,6299
96,6300
96,6301
96,6302
96,6303
96,6304
96,6305
96,6306
96,6307
96,6308
96,6309
96,6310
96,6311
96,6312
96,6313
96,6314
96,6315
96,6316
96,6317
96,6318
96,6319
96,6320
96,6321
96,6322
96,6323
96,6324
96,6325
96,6326
96,6327
96,6328
96,6329
96,6330
96,6331
96,6332
96,6333
96,6334
96,6335
96,6336
96,6337
96,6338
96,6339
96,6340
96,6341
96,6342
96,6343
96,6344
96,6345
96,6346
96,6347
96,6348
96,6349
96,6350
96,6351
96,6352
96,6353
96,6354
96,6355
96,6356
96,6357
96,6358
96,6359
96,6360
96,6361
96,6362
96,6363
96,6364
96,6365
96,6366
96,6367
96,6368
96,6369
96,6370
96,6371
96,6372
96,6373
96,6374
96,6375
96,6376
96,6377
96,6378
96,6379
96,6380
96,6381
96,6382
96,6383
96,6384
96,6385
96,6386
96,6387
96,6388
96,6389
96,6390
96,6391
96,6392
96,6393
96,6394
96,6395
96,6396
96,6397
96,6398
96,6399
96,6400
96,6401
96,6402
96,6403
96,6404
96,6405
96,6406
96,6407
96,6408
96,6409
96,6410
96,6411
96,6412
96,6413
96,6414
96,6415
96,6416
96,6417
96,6418
96,6419
96,6420
96,6421
96,6422
96,6423
96,6424
96,6425
96,6426
96,6427
96,6428
96,6429
96,6430
96,6431
96,6432
96,6433
96,6434
96,6435
96,6436
96,6437
96,6438
96,6439
96,6440
96,6441
96,6442
96,6443
96,6444
96,6445
96,6446
96,6447
96,6448
96,6449
96,6450
96,6451
96,6452
96,6453
96,6454
96,6455
96,6456
96,6457
96,6458
96,6459
96,6460
96,6461
96,6462
96,6463
96,6464
96,6465
96,6466
96,6467
96,6468
96,6469
96,6470
96,6471
96,6472
96,6473
96,6474
96,6475
96,6476
96,6477
96,6478
96,6479
96,6480
96,6481
96,6482
96,6483
96,6484
96,6485
96,6486
96,6487
96,6488
96,6489
96,6490
96,6491
96,6492
96,6493
96,6494
96,6495
96,6496
96,6497
96,6498
96,6499
96,6500
96,6501
96,6502
96,6503
96,6504
96,6505
96,6506
96,6507
96,6508
96,6509
96,6510
96,6511
96,6512
96,6513
96,6514
96,6515
96,6516
96,6517
96,6518
96,6519
96,6520
96,6521
96,6522
96,6523
96,6524
96,6525
96,6526
96,6527
96,6528
96,6529
96,6530
96,6531
96,6532
96,6533
96,6534
96,6535
96,6536
96,6537
96,6538
96,6539
96,6540
96,6541
96,6542
96,6543
96,6544
96,6545
96,6546
96,6547
96,6548
96,6549
96,6550
96,6551
96,6552
96,6553
96,6554
96,6555
96,6556
96,6557
96,6558
96,6559
96,6560
96,6561
96,6562
96,6563
96,6564
96,6565
96,6566
96,6567
96,6568
96,6569
96,6570
96,6571
96,6572
96,6573
96,6574
96,6575
96,6576
96,6577
96,6578
96,6579
96,6580
96,6581
96,6582
96,6583
96,6584
96,6585
96,6586
96,6587
96,6588
96,6589
96,6590
96,6591
96,6592
96,6593
96,6594
96,6595
96,6596
96,6597
96,6598
96,6599
96,6600
96,6601
96,6602
96,6603
96,6604
96,6605
96,6606
96,6607
96,6608
96,6609
96,6610
96,6611
96,6612
96,6613
96,6614
96,6615
96,6616
96,6617
96,6618
96,6619
96,6620
96,6621
96,6622
96,6623
96,6624
96,6625
96,6626
96,6627
96,6628
96,6629
96,6630
96,6631
96,6632
96,6633
96,6634
96,6635
96,6636
96,6637
96,6638
96,6639
96,6640
96,6641
96,6642
96,6643
96,6644
96,6645
96,6646
96,6647
96,6648
96,6649
96,6650
96,6651
96,6652
96,6653
96,6654
96,6655
96,6656
96,6657
96,6658
96,6659
96,6660
96,6661
96,6662
96,6663
96,6664
96,6665
96,6666
96,6667
96,6668
96,6669
96,6670
96,6671
96,6672
96,6673
96,6674
96,6675
96,6676
96,6677
96,6678
96,6679
96,6680
96,6681
96,6682
96,6683
96,6684
96,6685
96,6686
96,6687
96,6688
96,6689
96,6690
96,6691
96,6692
96,6693
96,6694
96,6695
96,6696
96,6697
96,6698
96,6699
96,6700
96,6701
96,6702
96,6703
96,6704
96,6705
96,6706
96,6707
96,6708
96,6709
96,6710
96,6711
96,6712
96,6713
96,6714
96,6715
96,6716
96,6717
96,6718
96,6719
96,6720
96,6721
96,6722
96,6723
96,6724
96,6725
96,6726
96,6727
96,6728
96,6729
96,6730
96,6731
96,6732
96,6733
96,6734
96,6735
96,6736
96,6737
96,6738
96,6739
96,6740
96,6741
96,6742
96,6743
96,6744
96,6745
96,6746
96,6747
96,6748
96,6749
96,6750
96,6751
96,6752
96,6753
96,6754
96,6755
96,6756
96,6757
96,6758
96,6759
96,6760
96,6761
96,6762
96,6763
96,6764
96,6765
96,6766
96,6767
96,6768
96,6769
96,6770
96,6771
96,6772
96,6773
96,6774
96,6775
96,6776
96,6777
96,6778
96,6779
96,6780
96,6781
96,6782
96,6783
96,6784
96,6785
96,6786
96,6787
96,6788
96,6789
96,6790
96,6791
96,6792
96,6793
96,6794
96,6795
96,6796
96,6797
96,6798
96,6799
96,6800
96,6801
96,6802
96,6803
96,6804
96,6805
96,6806
96,6807
96,6808
96,6809
96,6810
96,6811
96,6812
96,6813
96,6814
96,6815
96,6816
96,6817
96,6818
96,6819
96,6820
96,6821
96,6822
96,6823
96,6824
96,6825
96,6826
96,6827
96,6828
96,6829
96,6830
96,6831
96,6832
96,6833
96,6834
96,6835
96,6836
96,6837
96,6838
96,6839
96,6840
96,6841
96,6842
96,6843
96,6844
96,6845
96,6846
96,6847
96,6848
96,6849
96,6850
96,6851
96,6852
96,6853
96,6854
96,6855
96,6856
96,6857
96,6858
96,6859
96,6860
96,6861
96,6862
96,6863
96,6864
96,6865
96,6866
96,6867
96,6868
96,6869
96,6870
96,6871
96,6872
96,6873
96,6874
96,6875
96,6876
96,6877
96,6878
96,6879
96,6880
96,6881
96,6882
96,6883
96,6884
96,6885
96,6886
96,6887
96,6888
96,6889
96,6890
96,6891
96,6892
96,6893
96,6894
96,6895
96,6896
96,6897
96,6898
96,6899
96,6900
96,6901
96,6902
96,6903
96,6904
96,6905
96,6906
96,6907
96,6908
96,6909
96,6910
96,6911
96,6912
96,6913
96,6914
96,6915
96,6916
96,6917
96,6918
96,6919
96,6920
96,6921
96,6922
96,6923
96,6924
96,6925
96,6926
96,6927
96,6928
96,6929
96,6930
96,6931
96,6932
96,6933
96,6934
96,6935
96,6936
96,6937
96,6938
96,6939
96,6940
96,6941
96,6942
96,6943
96,6944
96,6945
96,6946
96,6947
96,6948
96,6949
96,6950
96,6951
96,6952
96,6953
96,6954
96,6955
96,6956
96,6957
96,6958
96,6959
96,6960
96,6961
96,6962
96,6963
96,6964
96,6965
96,6966
96,6967
96,6968
96,6969
96,6970
96,6971
96,6972
96,6973
96,6974
96,6975
96,6976
96,6977
96,6978
96,6979
96,6980
96,6981
96,6982
96,6983
96,6984
96,6985
96,6986
96,6987
96,6988
96,6989
96,6990
96,6991
96,6992
96,6993
96,6994
96,6995
96,6996
96,6997
96,6998
96,6999
96,7000
96,7001
96,7002
96,7003
96,7004
96,7005
96,7006
96,7007
96,7008
96,7009
96,7010
96,7011
96,7012
96,7013
96,7014
96,7015
96,7016
96,7017
96,7018
96,7019
96,7020
96,7021
96,7022
96,7023
96,7024
96,7025
96,7026
96,7027
96,7028
96,7029
96,7030
96,7031
96,7032
96,7033
96,7034
96,7035
96,7036
96,7037
96,7038
96,7039
96,7040
96,7041
96,7042
96,7043
96,7044
96,7045
96,7046
96,7047
96,7048
96,7049
96,7050
96,7051
96,7052
96,7053
96,7054
96,7055
96,7056
96,7057
96,7058
96,7059
96,7060
96,7061
96,7062
96,7063
96,7064
96,7065
96,7066
96,7067
96,7068
96,7069
96,7070
96,7071
96,7072
96,7073
96,7074
96,7075
96,7076
96,7077
96,7078
96,7079
96,7080
96,7081
96,7082
96,7083
96,7084
96,7085
96,7086
96,7087
96,7088
96,7089
96,7090
96,7091
96,7092
96,7093
96,7094
96,7095
96,7096
96,7097
96,7098
96,7099
96,7100
96,7101
96,7102
96,7103
96,7104
96,7105
96,7106
96,7107
96,7108
96,7109
96,7110
96,7111
96,7112
96,7113
96,7114
96,7115
96,7116
96,7117
96,7118
96,7119
96,7120
96,7121
96,7122
96,7123
96,7124
96,7125
96,7126
96,7127
96,7128
96,7129
96,7130
96,7131
96,7132
96,7133
96,7134
96,7135
96,7136
96,7137
96,7138
96,7139
96,7140
96,7141
96,7142
96,7143
96,7144
96,7145
96,7146
96,7147
96,7148
96,7149
96,7150
96,7151
96,7152
96,7153
96,7154
96,7155
96,7156
96,7157
96,7158
96,7159
96,7160
96,7161
96,7162
96,7163
96,7164
96,7165
96,7166
96,7167
96,7168
96,7169
96,7170
96,7171
96,7172
96,7173
96,7174
96,7175
96,7176
96,7177
96,7178
96,7179
96,7180
96,7181
96,7182
96,7183
96,7184
96,7185
96,7186
96,7187
96,7188
96,7189
96,7190
96,7191
96,7192
96,7193
96,7194
96,7195
96,7196
96,7197
96,7198
96,7199
96,7200
96,7201
96,7202
96,7203
96,7204
96,7205
96,7206
96,7207
96,7208
96,7209
96,7210
96,7211
96,7212
96,7213
96,7214
96,7215
96,7216
96,7217
96,7218
96,7219
96,7220
96,7221
96,7222
96,7223
96,7224
96,7225
96,7226
96,7227
96,7228
96,7229
96,7230
96,7231
96,7232
96,7233
96,7234
96,7235
96,7236
96,7237
96,7238
96,7239
96,7240
96,7241
96,7242
96,7243
96,7244
96,7245
96,7246
96,7247
96,7248
96,7249
96,7250
96,7251
96,7252
96,7253
96,7254
96,7255
96,7256
96,7257
96,7258
96,7259
96,7260
96,7261
96,7262
96,7263
96,7264
96,7265
96,7266
96,7267
96,7268
96,7269
96,7270
96,7271
96,7272
96,7273
96,7274
96,7275
96,7276
96,7277
96,7278
96,7279
96,7280
96,7281
96,7282
96,7283
96,7284
96,7285
96,7286
96,7287
96,7288
96,7289
96,7290
96,7291
96,7292
96,7293
96,7294
96,7295
96,7296
96,7297
96,7298
96,7299
96,7300
96,7301
96,7302
96,7303
96,7304
96,7305
96,7306
96,7307
96,7308
96,7309
96,7310
96,7311
96,7312
96,7313
96,7314
96,7315
96,7316
96,7317
96,7318
96,7319
96,7320
96,7321
96,7322
96,7323
96,7324
96,7325
96,7326
96,7327
96,7328
96,7329
96,7330
96,7331
96,7332
96,7333
96,7334
96,7335
96,7336
96,7337
96,7338
96,7339
96,7340
96,7341
96,7342
96,7343
96,7344
96,7345
96,7346
96,7347
96,7348
96,7349
96,7350
96,7351
96,7352
96,7353
96,7354
96,7355
96,7356
96,7357
96,7358
96,7359
96,7360
96,7361
96,7362
96,7363
96,7364
96,7365
96,7366
96,7367
96,7368
96,7369
96,7370
96,7371
96,7372
96,7373
96,7374
96,7375
96,7376
96,7377
96,7378
96,7379
96,7380
96,7381
96,7382
96,7383
96,7384
96,7385
96,7386
96,7387
96,7388
96,7389
96,7390
96,7391
96,7392
96,7393
96,7394
96,7395
96,7396
96,7397
96,7398
96,7399
96,7400
96,7401
96,7402
96,7403
96,7404
96,7405
96,7406
96,7407
96,7408
96,7409
96,7410
96,7411
96,7412
96,7413
96,7414
96,7415
96,7416
96,7417
96,7418
96,7419
96,7420
96,7421
96,7422
96,7423
96,7424
96,7425
96,7426
96,7427
96,7428
96,7429
96,7430
96,7431
96,7432
96,7433
96,7434
96,7435
96,7436
96,7437
96,7438
96,7439
96,7440
96,7441
96,7442
96,7443
96,7444
96,7445
96,7446
96,7447
96,7448
96,7449
96,7450
96,7451
96,7452
96,7453
96,7454
96,7455
96,7456
96,7457
96,7458
96,7459
96,7460
96,7461
96,7462
96,7463
96,7464
96,7465
96,7466
96,7467
96,7468
96,7469
96,7470
96,7471
96,7472
96,7473
96,7474
96,7475
96,7476
96,7477
96,7478
96,7479
96,7480
96,7481
96,7482
96,7483
96,7484
96,7485
96,7486
96,7487
96,7488
96,7489
96,7490
96,7491
96,7492
96,7493
96,7494
96,7495
96,7496
96,7497
96,7498
96,7499
96,7500
96,7501
96,7502
96,7503
96,7504
96,7505
96,7506
96,7507
96,7508
96,7509
96,7510
96,7511
96,7512
96,7513
96,7514
96,7515
96,7516
96,7517
96,7518
96,7519
96,7520
96,7521
96,7522
96,7523
96,7524
96,7525
96,7526
96,7527
96,7528
96,7529
96,7530
96,7531
96,7532
96,7533
96,7534
96,7535
96,7536
96,7537
96,7538
96,7539
96,7540
96,7541
96,7542
96,7543
96,7544
96,7545
96,7546
96,7547
96,7548
96,7549
96,7550
96,7551
96,7552
96,7553
96,7554
96,7555
96,7556
96,7557
96,7558
96,7559
96,7560
96,7561
96,7562
96,7563
96,7564
96,7565
96,7566
96,7567
96,7568
96,7569
96,7570
96,7571
96,7572
96,7573
96,7574
96,7575
96,7576
96,7577
96,7578
96,7579
96,7580
96,7581
96,7582
96,7583
96,7584
96,7585
96,7586
96,7587
96,7588
96,7589
96,7590
96,7591
96,7592
96,7593
96,7594
96,7595
96,7596
96,7597
96,7598
96,7599
96,7600
96,7601
96,7602
96,7603
96,7604
96,7605
96,7606
96,7607
96,7608
96,7609
96,7610
96,7611
96,7612
96,7613
96,7614
96,7615
96,7616
96,7617
96,7618
96,7619
96,7620
96,7621
96,7622
96,7623
96,7624
96,7625
96,7626
96,7627
96,7628
96,7629
96,7630
96,7631
96,7632
96,7633
96,7634
96,7635
96,7636
96,7637
96,7638
96,7639
96,7640
96,7641
96,7642
96,7643
96,7644
96,7645
96,7646
96,7647
96,7648
96,7649
96,7650
96,7651
96,7652
96,7653
96,7654
96,7655
96,7656
96,7657
96,7658
96,7659
96,7660
96,7661
96,7662
96,7663
96,7664
96,7665
96,7666
96,7667
96,7668
96,7669
96,7670
96,7671
96,7672
96,7673
96,7674
96,7675
96,7676
96,7677
96,7678
96,7679
96,7680
96,7681
96,7682
96,7683
96,7684
96,7685
96,7686
96,7687
96,7688
96,7689
96,7690
96,7691
96,7692
96,7693
96,7694
96,7695
96,7696
96,7697
96,7698
96,7699
96,7700
96,7701
96,7702
96,7703
96,7704
96,7705
96,7706
96,7707
96,7708
96,7709
96,7710
96,7711
96,7712
96,7713
96,7714
96,7715
96,7716
96,7717
96,7718
96,7719
96,7720
96,7721
96,7722
96,7723
96,7724
96,7725
96,7726
96,7727
96,7728
96,7729
96,7730
96,7731
96,7732
96,7733
96,7734
96,7735
96,7736
96,7737
96,7738
96,7739
96,7740
96,7741
96,7742
96,7743
96,7744
96,7745
96,7746
96,7747
96,7748
96,7749
96,7750
96,7751
96,7752
96,7753
96,7754
96,7755
96,7756
96,7757
96,7758
96,7759
96,7760
96,7761
96,7762
96,7763
96,7764
96,7765
96,7766
96,7767
96,7768
96,7769
96,7770
96,7771
96,7772
96,7773
96,7774
96,7775
96,7776
96,7777
96,7778
96,7779
96,7780
96,7781
96,7782
96,7783
96,7784
96,7785
96,7786
96,7787
96,7788
96,7789
96,7790
96,7791
96,7792
96,7793
96,7794
96,7795
96,7796
96,7797
96,7798
96,7799
96,7800
96,7801
96,7802
96,7803
96,7804
96,7805
96,7806
96,7807
96,7808
96,7809
96,7810
96,7811
96,7812
96,7813
96,7814
96,7815
96,7816
96,7817
96,7818
96,7819
96,7820
96,7821
96,7822
96,7823
96,7824
96,7825
96,7826
96,7827
96,7828
96,7829
96,7830
96,7831
96,7832
96,7833
96,7834
96,7835
96,7836
96,7837
96,7838
96,7839
96,7840
96,7841
96,7842
96,7843
96,7844
96,7845
96,7846
96,7847
96,7848
96,7849
96,7850
96,7851
96,7852
96,7853
96,7854
96,7855
96,7856
96,7857
96,7858
96,7859
96,7860
96,7861
96,7862
96,7863
96,7864
96,7865
96,7866
96,7867
96,7868
96,7869
96,7870
96,7871
96,7872
96,7873
96,7874
96,7875
96,7876
96,7877
96,7878
96,7879
96,7880
96,7881
96,7882
96,7883
96,7884
96,7885
96,7886
96,7887
96,7888
96,7889
96,7890
96,7891
96,7892
96,7893
96,7894
96,7895
96,7896
96,7897
96,7898
96,7899
96,7900
96,7901
96,7902
96,7903
96,7904
96,7905
96,7906
96,7907
96,7908
96,7909
96,7910
96,7911
96,7912
96,7913
96,7914
96,7915
96,7916
96,7917
96,7918
96,7919
96,7920
96,7921
96,7922
96,7923
96,7924
96,7925
96,7926
96,7927
96,7928
96,7929
96,7930
96,7931
96,7932
96,7933
96,7934
96,7935
96,7936
96,7937
96,7938
96,7939
96,7940
96,7941
96,7942
96,7943
96,7944
96,7945
96,7946
96,7947
96,7948
96,7949
96,7950
96,7951
96,7952
96,7953
96,7954
96,7955
96,7956
96,7957
96,7958
96,7959
96,7960
96,7961
96,7962
96,7963
96,7964
96,7965
96,7966
96,7967
96,7968
96,7969
96,7970
96,7971
96,7972
96,7973
96,7974
96,7975
96,7976
96,7977
96,7978
96,7979
96,7980
96,7981
96,7982
96,7983
96,7984
96,7985
96,7986
96,7987
96,7988
96,7989
96,7990
96,7991
96,7992
96,7993
96,7994
96,7995
96,7996
96,7997
96,7998
96,7999
96,8000
96,8001
96,8002
96,8003
96,8004
96,8005
96,8006
96,8007
96,8008
96,8009
96,8010
96,8011
96,8012
96,8013
96,8014
96,8015
96,8016
96,8017
96,8018
96,8019
96,8020
96,8021
96,8022
96,8023
96,8024
96,8025
96,8026
96,8027
96,8028
96,8029
96,8030
96,8031
96,8032
96,8033
96,8034
96,8035
96,8036
96,8037
96,8038
96,8039
96,8040
96,8041
96,8042
96,8043
96,8044
96,8045
96,8046
96,8047
96,8048
96,8049
96,8050
96,8051
96,8052
96,8053
96,8054
96,8055
96,8056
96,8057
96,8058
96,8059
96,8060
96,8061
96,8062
96,8063
96,8064
96,8065
96,8066
96,8067
96,8068
96,8069
96,8070
96,8071
96,8072
96,8073
96,8074
96,8075
96,8076
96,8077
96,8078
96,8079
96,8080
96,8081
96,8082
96,8083
96,8084
96,8085
96,8086
96,8087
96,8088
96,8089
96,8090
96,8091
96,8092
96,8093
96,8094
96,8095
96,8096
96,8097
96,8098
96,8099
96,8100
96,8101
96,8102
96,8103
96,8104
96,8105
96,8106
96,8107
96,8108
96,8109
96,8110
96,8111
96,8112
96,8113
96,8114
96,8115
96,8116
96,8117
96,8118
96,8119
96,8120
96,8121
96,8122
96,8123
96,8124
96,8125
96,8126
96,8127
96,8128
96,8129
96,8130
96,8131
96,8132
96,8133
96,8134
96,8135
96,8136
96,8137
96,8138
96,8139
96,8140
96,8141
96,8142
96,8143
96,8144
96,8145
96,8146
96,8147
96,8148
96,8149
96,8150
96,8151
96,8152
96,8153
96,8154
96,8155
96,8156
96,8157
96,8158
96,8159
96,8160
96,8161
96,8162
96,8163
96,8164
96,8165
96,8166
96,8167
96,8168
96,8169
96,8170
96,8171
96,8172
96,8173
96,8174
96,8175
96,8176
96,8177
96,8178
96,8179
96,8180
96,8181
96,8182
96,8183
96,8184
96,8185
96,8186
96,8187
96,8188
96,8189
96,8190
96,8191
96,8192
96,8193
96,8194
96,8195
96,8196
96,8197
96,8198
96,8199
96,8200
96,8201
96,8202
96,8203
96,8204
96,8205
96,8206
96,8207
96,8208
96,8209
96,8210
96,8211
96,8212
96,8213
96,8214
96,8215
96,8216
96,8217
96,8218
96,8219
96,8220
96,8221
96,8222
96,8223
96,8224
96,8225
96,8226
96,8227
96,8228
96,8229
96,8230
96,8231
96,8232
96,8233
96,8234
96,8235
96,8236
96,8237
96,8238
96,8239
96,8240
96,8241
96,8242
96,8243
96,8244
96,8245
96,8246
96,8247
96,8248
96,8249
96,8250
96,8251
96,8252
96,8253
96,8254
96,8255
96,8256
96,8257
96,8258
96,8259
96,8260
96,8261
96,8262
96,8263
96,8264
96,8265
96,8266
96,8267
96,8268
96,8269
96,8270
96,8271
96,8272
96,8273
96,8274
96,8275
96,8276
96,8277
96,8278
96,8279
96,8280
96,8281
96,8282
96,8283
96,8284
96,8285
96,8286
96,8287
96,8288
96,8289
96,8290
96,8291
96,8292
96,8293
96,8294
96,8295
96,8296
96,8297
96,8298
96,8299
96,8300
96,8301
96,8302
96,8303
96,8304
96,8305
96,8306
96,8307
96,8308
96,8309
96,8310
96,8311
96,8312
96,8313
96,8314
96,8315
96,8316
96,8317
96,8318
96,8319
96,8320
96,8321
96,8322
96,8323
96,8324
96,8325
96,8326
96,8327
96,8328
96,8329
96,8330
96,8331
96,8332
96,8333
96,8334
96,8335
96,8336
96,8337
96,8338
96,8339
96,8340
96,8341
96,8342
96,8343
96,8344
96,8345
96,8346
96,8347
96,8348
96,8349
96,8350
96,8351
96,8352
96,8353
96,8354
96,8355
96,8356
96,8357
96,8358
96,8359
96,8360
96,8361
96,8362
96,8363
96,8364
96,8365
96,8366
96,8367
96,8368
96,8369
96,8370
96,8371
96,8372
96,8373
96,8374
96,8375
96,8376
96,8377
96,8378
96,8379
96,8380
96,8381
96,8382
96,8383
96,8384
96,8385
96,8386
96,8387
96,8388
96,8389
96,8390
96,8391
96,8392
96,8393
96,8394
96,8395
96,8396
96,8397
96,8398
96,8399
96,8400
96,8401
96,8402
96,8403
96,8404
96,8405
96,8406
96,8407
96,8408
96,8409
96,8410
96,8411
96,8412
96,8413
96,8414
96,8415
96,8416
96,8417
96,8418
96,8419
96,8420
96,8421
96,8422
96,8423
96,8424
96,8425
96,8426
96,8427
96,8428
96,8429
96,8430
96,8431
96,8432
96,8433
96,8434
96,8435
96,8436
96,8437
96,8438
96,8439
96,8440
96,8441
96,8442
96,8443
96,8444
96,8445
96,8446
96,8447
96,8448
96,8449
96,8450
96,8451
96,8452
96,8453
96,8454
96,8455
96,8456
96,8457
96,8458
96,8459
96,8460
96,8461
96,8462
96,8463
96,8464
96,8465
96,8466
96,8467
96,8468
96,8469
96,8470
96,8471
96,8472
96,8473
96,8474
96,8475
96,8476
96,8477
96,8478
96,8479
96,8480
96,8481
96,8482
96,8483
96,8484
96,8485
96,8486
96,8487
96,8488
96,8489
96,8490
96,8491
96,8492
96,8493
96,8494
96,8495
96,8496
96,8497
96,8498
96,8499
96,8500
96,8501
96,8502
96,8503
96,8504
96,8505
96,8506
96,8507
96,8508
96,8509
96,8510
96,8511
96,8512
96,8513
96,8514
96,8515
96,8516
96,8517
96,8518
96,8519
96,8520
96,8521
96,8522
96,8523
96,8524
96,8525
96,8526
96,8527
96,8528
96,8529
96,8530
96,8531
96,8532
96,8533
96,8534
96,8535
96,8536
96,8537
96,8538
96,8539
96,8540
96,8541
96,8542
96,8543
96,8544
96,8545
96,8546
96,8547
96,8548
96,8549
96,8550
96,8551
96,8552
96,8553
96,8554
96,8555
96,8556
96,8557
96,8558
96,8559
96,8560
96,8561
96,8562
96,8563
96,8564
96,8565
96,8566
96,8567
96,8568
96,8569
96,8570
96,8571
96,8572
96,8573
96,8574
96,8575
96,8576
96,8577
96,8578
96,8579
96,8580
96,8581
96,8582
96,8583
96,8584
96,8585
96,8586
96,8587
96,8588
96,8589
96,8590
96,8591
96,8592
96,8593
96,8594
96,8595
96,8596
96,8597
96,8598
96,8599
96,8600
96,8601
96,8602
96,8603
96,8604
96,8605
96,8606
96,8607
96,8608
96,8609
96,8610
96,8611
96,8612
96,8613
96,8614
96,8615
96,8616
96,8617
96,8618
96,8619
96,8620
96,8621
96,8622
96,8623
96,8624
96,8625
96,8626
96,8627
96,8628
96,8629
96,8630
96,8631
96,8632
96,8633
96,8634
96,8635
96,8636
96,8637
96,8638
96,8639
96,8640
96,8641
96,8642
96,8643
96,8644
96,8645
96,8646
96,8647
96,8648
96,8649
96,8650
96,8651
96,8652
96,8653
96,8654
96,8655
96,8656
96,8657
96,8658
96,8659
96,8660
96,8661
96,8662
96,8663
96,8664
96,8665
96,8666
96,8667
96,8668
96,8669
96,8670
96,8671
96,8672
96,8673
96,8674
96,8675
96,8676
96,8677
96,8678
96,8679
96,8680
96,8681
96,8682
96,8683
96,8684
96,8685
96,8686
96,8687
96,8688
96,8689
96,8690
96,8691
96,8692
96,8693
96,8694
96,8695
96,8696
96,8697
96,8698
96,8699
96,8700
96,8701
96,8702
96,8703
96,8704
96,8705
96,8706
96,8707
96,8708
96,8709
96,8710
96,8711
96,8712
96,8713
96,8714
96,8715
96,8716
96,8717
96,8718
96,8719
96,8720
96,8721
96,8722
96,8723
96,8724
96,8725
96,8726
96,8727
96,8728
96,8729
96,8730
96,8731
96,8732
96,8733
96,8734
96,8735
96,8736
96,8737
96,8738
96,8739
96,8740
96,8741
96,8742
96,8743
96,8744
96,8745
96,8746
96,8747
96,8748
96,8749
96,8750
96,8751
96,8752
96,8753
96,8754
96,8755
96,8756
96,8757
96,8758
96,8759
96,8760
96,8761
96,8762
96,8763
96,8764
96,8765
96,8766
96,8767
96,8768
96,8769
96,8770
96,8771
96,8772
96,8773
96,8774
96,8775
96,8776
96,8777
96,8778
96,8779
96,8780
96,8781
96,8782
96,8783
96,8784
96,8785
96,8786
96,8787
96,8788
96,8789
96,8790
96,8791
96,8792
96,8793
96,8794
96,8795
96,8796
96,8797
96,8798
96,8799
96,8800
96,8801
96,8802
96,8803
96,8804
96,8805
96,8806
96,8807
96,8808
96,8809
96,8810
96,8811
96,8812
96,8813
96,8814
96,8815
96,8816
96,8817
96,8818
96,8819
96,8820
96,8821
96,8822
96,8823
96,8824
96,8825
96,8826
96,8827
96,8828
96,8829
96,8830
96,8831
96,8832
96,8833
96,8834
96,8835
96,8836
96,8837
96,8838
96,8839
96,8840
96,8841
96,8842
96,8843
96,8844
96,8845
96,8846
96,8847
96,8848
96,8849
96,8850
96,8851
96,8852
96,8853
96,8854
96,8855
96,8856
96,8857
96,8858
96,8859
96,8860
96,8861
96,8862
96,8863
96,8864
96,8865
96,8866
96,8867
96,8868
96,8869
96,8870
96,8871
96,8872
96,8873
96,8874
96,8875
96,8876
96,8877
96,8878
96,8879
96,8880
96,8881
96,8882
96,8883
96,8884
96,8885
96,8886
96,8887
96,8888
96,8889
96,8890
96,8891
96,8892
96,8893
96,8894
96,8895
96,8896
96,8897
96,8898
96,8899
96,8900
96,8901
96,8902
96,8903
96,8904
96,8905
96,8906
96,8907
96,8908
96,8909
96,8910
96,8911
96,8912
96,8913
96,8914
96,8915
96,8916
96,8917
96,8918
96,8919
96,8920
96,8921
96,8922
96,8923
96,8924
96,8925
96,8926
96,8927
96,8928
96,8929
96,8930
96,8931
96,8932
96,8933
96,8934
96,8935
96,8936
96,8937
96,8938
96,8939
96,8940
96,8941
96,8942
96,8943
96,8944
96,8945
96,8946
96,8947
96,8948
96,8949
96,8950
96,8951
96,8952
96,8953
96,8954
96,8955
96,8956
96,8957
96,8958
96,8959
96,8960
96,8961
96,8962
96,8963
96,8964
96,8965
96,8966
96,8967
96,8968
96,8969
96,8970
96,8971
96,8972
96,8973
96,8974
96,8975
96,8976
96,8977
96,8978
96,8979
96,8980
96,8981
96,8982
96,8983
96,8984
96,8985
96,8986
96,8987
96,8988
96,8989
96,8990
96,8991
96,8992
96,8993
96,8994
96,8995
96,8996
96,8997
96,8998
96,8999
96,9000
96,9001
96,9002
96,9003
96,9004
96,9005
96,9006
96,9007
96,9008
96,9009
96,9010
96,9011
96,9012
96,9013
96,9014
96,9015
96,9016
96,9017
96,9018
96,9019
96,9020
96,9021
96,9022
96,9023
96,9024
96,9025
96,9026
96,9027
96,9028
96,9029
96,9030
96,9031
96,9032
96,9033
96,9034
96,9035
96,9036
96,9037
96,9038
96,9039
96,9040
96,9041
96,9042
96,9043
96,9044
96,9045
96,9046
96,9047
96,9048
96,9049
96,9050
96,9051
96,9052
96,9053
96,9054
96,9055
96,9056
96,9057
96,9058
96,9059
96,9060
96,9061
96,9062
96,9063
96,9064
96,9065
96,9066
96,9067
96,9068
96,9069
96,9070
96,9071
96,9072
96,9073
96,9074
96,9075
96,9076
96,9077
96,9078
96,9079
96,9080
96,9081
96,9082
96,9083
96,9084
96,9085
96,9086
96,9087
96,9088
96,9089
96,9090
96,9091
96,9092
96,9093
96,9094
96,9095
96,9096
96,9097
96,9098
96,9099
96,9100
96,9101
96,9102
96,9103
96,9104
96,9105
96,9106
96,9107
96,9108
96,9109
96,9110
96,9111
96,9112
96,9113
96,9114
96,9115
96,9116
96,9117
96,9118
96,9119
96,9120
96,9121
96,9122
96,9123
96,9124
96,9125
96,9126
96,9127
96,9128
96,9129
96,9130
96,9131
96,9132
96,9133
96,9134
96,9135
96,9136
96,9137
96,9138
96,9139
96,9140
96,9141
96,9142
96,9143
96,9144
96,9145
96,9146
96,9147
96,9148
96,9149
96,9150
96,9151
96,9152
96,9153
96,9154
96,9155
96,9156
96,9157
96,9158
96,9159
96,9160
96,9161
96,9162
96,9163
96,9164
96,9165
96,9166
96,9167
96,9168
96,9169
96,9170
96,9171
96,9172
96,9173
96,9174
96,9175
96,9176
96,9177
96,9178
96,9179
96,9180
96,9181
96,9182
96,9183
96,9184
96,9185
96,9186
96,9187
96,9188
96,9189
96,9190
96,9191
96,9192
96,9193
96,9194
96,9195
96,9196
96,9197
96,9198
96,9199
96,9200
96,9201
96,9202
96,9203
96,9204
96,9205
96,9206
96,9207
96,9208
96,9209
96,9210
96,9211
96,9212
96,9213
96,9214
96,9215
96,9216
96,9217
96,9218
96,9219
96,9220
96,9221
96,9222
96,9223
96,9224
96,9225
96,9226
96,9227
96,9228
96,9229
96,9230
96,9231
96,9232
96,9233
96,9234
96,9235
96,9236
96,9237
96,9238
96,9239
96,9240
96,9241
96,9242
96,9243
96,9244
96,9245
96,9246
96,9247
96,9248
96,9249
96,9250
96,9251
96,9252
96,9253
96,9254
96,9255
96,9256
96,9257
96,9258
96,9259
96,9260
96,9261
96,9262
96,9263
96,9264
96,9265
96,9266
96,9267
96,9268
96,9269
96,9270
96,9271
96,9272
96,9273
96,9274
96,9275
96,9276
96,9277
96,9278
96,9279
96,9280
96,9281
96,9282
96,9283
96,9284
96,9285
96,9286
96,9287
96,9288
96,9289
96,9290
96,9291
96,9292
96,9293
96,9294
96,9295
96,9296
96,9297
96,9298
96,9299
96,9300
96,9301
96,9302
96,9303
96,9304
96,9305
96,9306
96,9307
96,9308
96,9309
96,9310
96,9311
96,9312
96,9313
96,9314
96,9315
96,9316
96,9317
96,9318
96,9319
96,9320
96,9321
96,9322
96,9323
96,9324
96,9325
96,9326
96,9327
96,9328
96,9329
96,9330
96,9331
96,9332
96,9333
96,9334
96,9335
96,9336
96,9337
96,9338
96,9339
96,9340
96,9341
96,9342
96,9343
96,9344
96,9345
96,9346
96,9347
96,9348
96,9349
96,9350
96,9351
96,9352
96,9353
96,9354
96,9355
96,9356
96,9357
96,9358
96,9359
96,9360
96,9361
96,9362
96,9363
96,9364
96,9365
96,9366
96,9367
96,9368
96,9369
96,9370
96,9371
96,9372
96,9373
96,9374
96,9375
96,9376
96,9377
96,9378
96,9379
96,9380
96,9381
96,9382
96,9383
96,9384
96,9385
96,9386
96,9387
96,9388
96,9389
96,9390
96,9391
96,9392
96,9393
96,9394
96,9395
96,9396
96,9397
96,9398
96,9399
96,9400
96,9401
96,9402
96,9403
96,9404
96,9405
96,9406
96,9407
96,9408
96,9409
96,9410
96,9411
96,9412
96,9413
96,9414
96,9415
96,9416
96,9417
96,9418
96,9419
96,9420
96,9421
96,9422
96,9423
96,9424
96,9425
96,9426
96,9427
96,9428
96,9429
96,9430
96,9431
96,9432
96,9433
96,9434
96,9435
96,9436
96,9437
96,9438
96,9439
96,9440
96,9441
96,9442
96,9443
96,9444
96,9445
96,9446
96,9447
96,9448
96,9449
96,9450
96,9451
96,9452
96,9453
96,9454
96,9455
96,9456
96,9457
96,9458
96,9459
96,9460
96,9461
96,9462
96,9463
96,9464
96,9465
96,9466
96,9467
96,9468
96,9469
96,9470
96,9471
96,9472
96,9473
96,9474
96,9475
96,9476
96,9477
96,9478
96,9479
96,9480
96,9481
96,9482
96,9483
96,9484
96,9485
96,9486
96,9487
96,9488
96,9489
96,9490
96,9491
96,9492
96,9493
96,9494
96,9495
96,9496
96,9497
96,9498
96,9499
96,9500
96,9501
96,9502
96,9503
96,9504
96,9505
96,9506
96,9507
96,9508
96,9509
96,9510
96,9511
96,9512
96,9513
96,9514
96,9515
96,9516
96,9517
96,9518
96,9519
96,9520
96,9521
96,9522
96,9523
96,9524
96,9525
96,9526
96,9527
96,9528
96,9529
96,9530
96,9531
96,9532
96,9533
96,9534
96,9535
96,9536
96,9537
96,9538
96,9539
96,9540
96,9541
96,9542
96,9543
96,9544
96,9545
96,9546
96,9547
96,9548
96,9549
96,9550
96,9551
96,9552
96,9553
96,9554
96,9555
96,9556
96,9557
96,9558
96,9559
96,9560
96,9561
96,9562
96,9563
96,9564
96,9565
96,9566
96,9567
96,9568
96,9569
96,9570
96,9571
96,9572
96,9573
96,9574
96,9575
96,9576
96,9577
96,9578
96,9579
96,9580
96,9581
96,9582
96,9583
96,9584
96,9585
96,9586
96,9587
96,9588
96,9589
96,9590
96,9591
96,9592
96,9593
96,9594
96,9595
96,9596
96,9597
96,9598
96,9599
96,9600
96,9601
96,9602
96,9603
96,9604
96,9605
96,9606
96,9607
96,9608
96,9609
96,9610
96,9611
96,9612
96,9613
96,9614
96,9615
96,9616
96,9617
96,9618
96,9619
96,9620
96,9621
96,9622
96,9623
96,9624
96,9625
96,9626
96,9627
96,9628
96,9629
96,9630
96,9631
96,9632
96,9633
96,9634
96,9635
96,9636
96,9637
96,9638
96,9639
96,9640
96,9641
96,9642
96,9643
96,9644
96,9645
96,9646
96,9647
96,9648
96,9649
96,9650
96,9651
96,9652
96,9653
96,9654
96,9655
96,9656
96,9657
96,9658
96,9659
96,9660
96,9661
96,9662
96,9663
96,9664
96,9665
96,9666
96,9667
96,9668
96,9669
96,9670
96,9671
96,9672
96,9673
96,9674
96,9675
96,9676
96,9677
96,9678
96,9679
96,9680
96,9681
96,9682
96,9683
96,9684
96,9685
96,9686
96,9687
96,9688
96,9689
96,9690
96,9691
96,9692
96,9693
96,9694
96,9695
96,9696
96,9697
96,9698
96,9699
96,9700
96,9701
96,9702
96,9703
96,9704
96,9705
96,9706
96,9707
96,9708
96,9709
96,9710
96,9711
96,9712
96,9713
96,9714
96,9715
96,9716
96,9717
96,9718
96,9719
96,9720
96,9721
96,9722
96,9723
96,9724
96,9725
96,9726
96,9727
96,9728
96,9729
96,9730
96,9731
96,9732
96,9733
96,9734
96,9735
96,9736
96,9737
96,9738
96,9739
96,9740
96,9741
96,9742
96,9743
96,9744
96,9745
96,9746
96,9747
96,9748
96,9749
96,9750
96,9751
96,9752
96,9753
96,9754
96,9755
96,9756
96,9757
96,9758
96,9759
96,9760
96,9761
96,9762
96,9763
96,9764
96,9765
96,9766
96,9767
96,9768
96,9769
96,9770
96,9771
96,9772
96,9773
96,9774
96,9775
96,9776
96,9777
96,9778
96,9779
96,9780
96,9781
96,9782
96,9783
96,9784
96,9785
96,9786
96,9787
96,9788
96,9789
96,9790
96,9791
96,9792
96,9793
96,9794
96,9795
96,9796
96,9797
96,9798
96,9799
96,9800
96,9801
96,9802
96,9803
96,9804
96,9805
96,9806
96,9807
96,9808
96,9809
96,9810
96,9811
96,9812
96,9813
96,9814
96,9815
96,9816
96,9817
96,9818
96,9819
96,9820
96,9821
96,9822
96,9823
96,9824
96,9825
96,9826
96,9827
96,9828
96,9829
96,9830
96,9831
96,9832
96,9833
96,9834
96,9835
96,9836
96,9837
96,9838
96,9839
96,9840
96,9841
96,9842
96,9843
96,9844
96,9845
96,9846
96,9847
96,9848
96,9849
96,9850
96,9851
96,9852
96,9853
96,9854
96,9855
96,9856
96,9857
96,9858
96,9859
96,9860
96,9861
96,9862
96,9863
96,9864
96,9865
96,9866
96,9867
96,9868
96,9869
96,9870
96,9871
96,9872
96,9873
96,9874
96,9875
96,9876
96,9877
96,9878
96,9879
96,9880
96,9881
96,9882
96,9883
96,9884
96,9885
96,9886
96,9887
96,9888
96,9889
96,9890
96,9891
96,9892
96,9893
96,9894
96,9895
96,9896
96,9897
96,9898
96,9899
96,9900
96,9901
96,9902
96,9903
96,9904
96,9905
96,9906
96,9907
96,9908
96,9909
96,9910
96,9911
96,9912
96,9913
96,9914
96,9915
96,9916
96,9917
96,9918
96,9919
96,9920
96,9921
96,9922
96,9923
96,9924
96,9925
96,9926
96,9927
96,9928
96,9929
96,9930
96,9931
96,9932
96,9933
96,9934
96,9935
96,9936
96,9937
96,9938
96,9939
96,9940
96,9941
96,9942
96,9943
96,9944
96,9945
96,9946
96,9947
96,9948
96,9949
96,9950
96,9951
96,9952
96,9953
96,9954
96,9955
96,9956
96,9957
96,9958
96,9959
96,9960
96,9961
96,9962
96,9963
96,9964
96,9965
96,9966
96,9967
96,9968
96,9969
96,9970
96,9971
96,9972
96,9973
96,9974
96,9975
96,9976
96,9977
96,9978
96,9979
96,9980
96,9981
96,9982
96,9983
96,9984
96,9985
96,9986
96,9987
96,9988
96,9989
96,9990
96,9991
96,9992
96,9993
96,9994
96,9995
96,9996
96,9997
96,9998
96,9999